id,question_type,question_text,subject,grade,topic,subtopic,learning_objective,difficulty_level,explanation,generation_metadata,region,Category
84b11143-3f75-41a6-9651-05b4e97c173e,fitb,A box has 2 crayons. Put in 6 more crayons. How many crayons are in the box now? ____,Maths,KG,Introduction to Addition,Adding Within 10,Students can solve simple word problems involving addition within 10,hard,"There are 2 crayons to start and 6 more crayons are added. 2 + 6 = 8, so there are 8 crayons in the box.","{""payload"":{""answer"":""8"",""acceptableAnswers"":[""8"",""eight"",""8 crayons"",""eight crayons""],""caseSensitive"":false,""hint"":null}}",global,Number
79cf620b-13d0-4275-86aa-48feb817155a,fitb,Box A has 1 ball. Box B has 3 balls. How many balls are there altogether? ____,Maths,KG,Composing Numbers to 10,Making Numbers,Students can show different ways to make a number up to 10 using two groups,easy,"Add the two groups: 1 + 3 = 4, so there are 4 balls altogether.","{""payload"":{""answer"":""4"",""acceptableAnswers"":[""4"",""four"",""4 balls"",""four balls""],""caseSensitive"":false,""hint"":null}}",global,Number
0adc0ee5-6382-4a9c-8ac6-c79bb6799828,fitb,"The numbers 11 to 20 are in order from smallest to largest: 11, 12, ____, 14, 15, 16, 17, 18, 19, 20. What number is missing?",Maths,KG,Numbers 11-20,Ordering to 20,Students can arrange numbers 11 to 20 in order,medium,"The number that comes after 12 and before 14 is 13. Therefore, the numbers 11 to 20 are in order from 11 to 20 with 13 in the blank.","{""payload"":{""answer"":""13"",""acceptableAnswers"":[""13"",""thirteen""],""caseSensitive"":false,""hint"":""Count forward from 12 to find the missing number.""}}",global,Number
fc43b5e2-4255-4568-8432-03ad0e6ccbfb,fitb,Count forward from 2. What number comes next? ____,Maths,KG,Numbers 0-5,Counting to 5,Students can count forward and backward from any number within 5,easy,"Counting forward means saying the next number. After 2 comes 3, so the blank is 3.","{""payload"":{""answer"":""3"",""acceptableAnswers"":[""3"",""three"",""the number 3"",""the number three""],""caseSensitive"":false,""hint"":""Count one step forward from 2.""}}",global,Number
8919d5c8-b6bd-4014-a162-9886830d0916,fitb,Compare 10 and 8. Which number is greater? ____,Maths,KG,Numbers 6-10,Comparing Numbers to 10,Students can compare two numbers within 10 and state which is greater,easy,"When we compare 10 and 8, 10 is greater because 10 comes after 8 when counting.","{""payload"":{""answer"":""10"",""acceptableAnswers"":[""10"",""ten"",""10 is greater"",""ten is greater"",""the number 10""],""caseSensitive"":false,""hint"":null}}",global,Number
6156171b-0ce0-40f7-84a4-adc02dc4ac0b,fitb,One more than 2 is _____.,Maths,KG,Comparing Numbers,"One More, One Less",Students can identify the number that is one more than a given number within 10,easy,One more than 2 is 3. Counting up one number from 2 gives 3.,"{""payload"":{""answer"":""3"",""acceptableAnswers"":[""3"",""three""],""caseSensitive"":false,""hint"":""Start at 2 and count up one.""}}",global,Number
d6f309b8-c618-40d9-8701-9112340e6a91,fitb,What is 6 take away 2? ____,Maths,KG,Introduction to Subtraction,Subtracting Within 10,Students can find the difference between two numbers within 10,medium,Take away 2 from 6. The difference is 4.,"{""payload"":{""answer"":""4"",""acceptableAnswers"":[""4"",""four""],""caseSensitive"":false,""hint"":""Find 6 minus 2 first.""}}",global,Number
81d107d8-8eab-4ee7-9d44-8b74960a994c,fitb,"Count by 5s: ____, 15, 20, 25.",Maths,KG,Numbers to 100,Skip Counting & Patterns,Students can recognise and extend skip counting patterns,medium,The numbers increase by 5. The number before 15 is 10.,"{""payload"":{""answer"":""10"",""acceptableAnswers"":[""10"",""ten""],""caseSensitive"":false,""hint"":""What is 5 less than 15?""}}",global,Number
9732cf66-1036-488d-abc5-9f649560bec7,fitb,"40, 41, 42, ____, 44",Maths,KG,Numbers to 50,Counting to 50,Students can identify missing numbers in a sequence up to 50,easy,The numbers increase by 1 each time. The number after 42 and before 44 is 43.,"{""payload"":{""answer"":""43"",""acceptableAnswers"":[""43"",""forty-three"",""forty three"",""43.00""],""caseSensitive"":false,""hint"":null}}",global,Number
f4ccced4-cfaf-47a4-8937-4a20dd3ee4f0,fitb,7 apples and 5 apples make ____.,Maths,KG,Composing Numbers to 20,Addition & Subtraction to 20,Students can add two numbers with a total up to 20,easy,"Adding the two groups gives 7 + 5 = 12, so there are 12 apples altogether.","{""payload"":{""answer"":""12"",""acceptableAnswers"":[""12"",""twelve"",""12 apples"",""twelve apples""],""caseSensitive"":false,""hint"":null}}",global,Number
fa867f2c-bef1-4be3-87d3-10c2d4024fcc,fitb,"A banana is measured using blocks. The blocks fit exactly from one end of the banana to the other, with no gaps: block | block | block | block. How many blocks long is the banana? ____",Maths,KG,Introduction to Measurement,Comparing Length & Size,Students can use non-standard units to measure length,easy,The blocks are placed end to end along the banana. Counting the four blocks gives a length of 4 blocks.,"{""payload"":{""answer"":""4"",""acceptableAnswers"":[""4"",""four"",""4 blocks"",""four blocks""],""caseSensitive"":false,""hint"":null}}",global,Number
d6801e98-146b-43b1-88c4-5750f010e715,fitb,2 apples and 3 apples make ____.,Maths,KG,Introduction to Addition,Adding Within 10,Students can find the sum of two numbers with a total up to 10,easy,"Adding the two groups gives 2 + 3 = 5, so there are 5 apples altogether.","{""payload"":{""answer"":""5"",""acceptableAnswers"":[""5"",""five"",""5 apples"",""five apples""],""caseSensitive"":false,""hint"":null}}",global,Number
7f38071f-a262-4191-96a9-ef2a5fe8dee9,fitb,10 is made of 7 and ____.,Maths,KG,Composing Numbers to 10,Number Bonds,Students can complete number bond diagrams with a missing part,easy,The missing part is 3 because 7 + 3 = 10.,"{""payload"":{""answer"":""3"",""acceptableAnswers"":[""3"",""three"",""3 ones"",""three ones""],""caseSensitive"":false,""hint"":null}}",global,Number
8172b080-3010-4366-8560-9fc22ffc2c7b,fitb,"On a number line from 11 to 20, what number comes immediately after 14? ____",Maths,KG,Numbers 11-20,Teen Numbers,Students can place numbers 11 to 20 on a number line,medium,"Counting forward from 14 on the number line, the next number is 15.","{""payload"":{""answer"":""15"",""acceptableAnswers"":[""15"",""fifteen"",""the number 15"",""the number fifteen""],""caseSensitive"":false,""hint"":""Count on 1 from 14.""}}",global,Number
65d58eaf-3844-4f86-b605-7435cf73a5df,fitb,"Put these numbers in order from least to greatest: 5, 2, 0. The last number is ____.",Maths,KG,Numbers 0-5,Ordering & Comparing within 5,Students can arrange numbers 0 to 5 in order from least to greatest,easy,"From least to greatest, the numbers are 0, 2, 5. Therefore, 5 is the last number.","{""payload"":{""answer"":""5"",""acceptableAnswers"":[""5"",""five"",""the number 5"",""the number five""],""caseSensitive"":false,""hint"":null}}",global,Number
3e7e9dca-4f51-47e0-9874-f9a32eeb8e51,fitb,Box A has 🧸🧸🧸🧸🧸🧸🧸. Count the teddies and write the number: ____.,Maths,KG,Numbers 6-10,Comparing Numbers to 10,Students can match a numeral to a set of objects up to 10,easy,"There are 7 teddies in Box A, so the matching number is 7.","{""payload"":{""answer"":""7"",""acceptableAnswers"":[""7"",""seven""],""caseSensitive"":false,""hint"":null}}",global,Number
c5d35b91-12fa-4c42-b0fd-a0a1e6035af8,fitb,One less than 9 is ____.,Maths,KG,Comparing Numbers,"One More, One Less",Students can identify the number that is one less than a given number within 10,easy,Counting back one from 9 gives 8: 9 - 1 = 8.,"{""payload"":{""answer"":""8"",""acceptableAnswers"":[""8"",""eight"",""8.00""],""caseSensitive"":false,""hint"":null}}",global,Number
9d6fdbf3-09fd-4222-bb22-5e24ea28b8ae,fitb,Box A has 2 objects. Box B has 2 objects. The numbers of objects in the two boxes are ____.,Maths,KG,Numbers 0-5,Ordering & Comparing within 5,"Students can use the terms 'more', 'fewer', and 'equal' to describe sets of objects",easy,"Each box has 2 objects. The two counts are the same, so the numbers are equal.","{""payload"":{""answer"":""equal"",""acceptableAnswers"":[""equal"",""the same"",""same"",""identical"",""equal to each other""],""caseSensitive"":false,""hint"":null}}",global,Text
e8c083fa-584a-4b5c-bc8b-6286ec076ea3,fitb,"These events are mixed up: eat breakfast, go to school, wake up. What happens first? ____",Maths,KG,Introduction to Time,Sequencing Events,Students can order daily events from first to last,easy,"Waking up happens before eating breakfast and going to school, so it is first.","{""payload"":{""answer"":""wake up"",""acceptableAnswers"":[""wake up"",""waking up"",""to wake up""],""caseSensitive"":false,""hint"":null}}",global,Text
c0f9c5cf-78d6-49fc-8624-eadc52f81ff4,fitb,14 is made of 10 and 4 more. 17 is made of 10 and ____.,Maths,KG,Numbers 11-20,Teen Numbers,Students can represent teen numbers as ten and some more,medium,"17 is made of 10 and 7 more, so the missing part is 7 more.","{""payload"":{""answer"":""7 more"",""acceptableAnswers"":[""7 more"",""seven more"",""7"",""seven""],""caseSensitive"":false,""hint"":null}}",global,Text
3e6191a2-f6a0-47e5-b9ad-395b2ca5b713,fitb,The bottle has nothing inside. It is ____.,Maths,KG,Introduction to Measurement,Describing Weight & Capacity,"Students can use the words heavy, light, full, and empty to describe objects",medium,"Nothing is inside the bottle, so it is empty.","{""payload"":{""answer"":""empty"",""acceptableAnswers"":[""empty""],""caseSensitive"":false,""hint"":null}}",global,Text
187a942c-92d1-41f0-921c-bdc2930560cb,fitb,"One group has 1 toy car. Another group has 2 toy cars. When we add the groups, we are ____.",Maths,KG,Introduction to Addition,Understanding Addition,Students can describe addition as combining two groups,easy,"Addition means joining two groups to make one group. Here, the group with 1 toy car and the group with 2 toy cars are joined together.","{""payload"":{""answer"":""combining the groups"",""acceptableAnswers"":[""combining the groups"",""joining the groups"",""putting the groups together"",""combining the two groups"",""joining the two groups""],""caseSensitive"":false,""hint"":""Think about what happens when two groups become one group.""}}",global,Text
222a9e31-569c-4329-bb28-47b1f21d0f1a,fitb,🌙 🪐 ⭐ 🚂 The odd one out is ____.,Maths,KG,Sorting & Classification,Matching & Grouping,Students can identify the odd one out from a set of objects,medium,"The moon, planet, and star are space objects. The train is not a space object, so it is the odd one out.","{""payload"":{""answer"":""train"",""acceptableAnswers"":[""train"",""a train"",""the train"",""toy train"",""locomotive"",""🚂""],""caseSensitive"":false,""hint"":""Find the one that is not a space object.""}}",global,Text
7333c77d-0801-429a-a682-b85177577a4b,fitb,"Continue the pattern: small green grape, big purple grape, small orange grape, ____ grape.",Maths,KG,Patterns & Sorting,Repeating Patterns,Students can continue a repeating pattern with at least two attributes,easy,"The sizes alternate small, big, small, big, while the colours repeat green, purple, orange, green. Therefore, the missing description is big green.","{""payload"":{""answer"":""big green"",""acceptableAnswers"":[""big green"",""big, green"",""big and green"",""large green"",""large and green""],""caseSensitive"":false,""hint"":null}}",global,Text
094bccf4-d0bc-4245-ab63-1278d96c82c3,fitb,Create a repeating pattern using red and blue. Write the two colours in the order you want them to repeat: ____.,Maths,KG,Early Mathematical Concepts,Patterns,Students can create their own repeating pattern,medium,"A repeating pattern uses the same unit again and again in the same order. With red and blue, either red blue or blue red can be used as the repeating unit, so both orders are correct.","{""payload"":{""answer"":""red blue"",""acceptableAnswers"":[""red blue"",""red, blue"",""blue red"",""blue, red""],""caseSensitive"":false,""hint"":""Choose the order of the two colours, then say them.""}}",global,Text
c83c0abb-0625-440d-ab96-f1804d9d38af,fitb,UK money can be sorted into two groups: coins and notes. One piece of money is thin and flexible. It belongs in the ____ group.,Maths,KG,Introduction to Money,Recognising Coins & Notes,Students can sort coins and notes by type,medium,"Coins are hard, while notes are thin and flexible. The described piece therefore belongs in the notes group.","{""payload"":{""answer"":""notes"",""acceptableAnswers"":[""notes"",""note"",""banknotes"",""banknote"",""bank notes"",""bank note""],""caseSensitive"":false,""hint"":""Think about which type of money is thin and flexible.""}}",UK,Text
aed1479d-c89c-4ab6-8c48-f5ff680132a0,fitb,The ball is below the book. The book is ____ the ball.,Maths,KG,Position & Direction,Describing Location,Students can describe the position of an object relative to another object,hard,"The ball is below the book, so the book is above the ball.","{""payload"":{""answer"":""above"",""acceptableAnswers"":[""above"",""over"",""on top of"",""higher than""],""caseSensitive"":false,""hint"":""If the ball is lower, the book is in the opposite position.""}}",global,Text
70a42599-8830-4cb0-b290-775000ca7dde,fitb,"Put these numbers in order from smallest to largest: 8, 4, 6. Write the order: ____",Maths,KG,Comparing Numbers,"Greater Than, Less Than, Equal To",Students can order three numbers from smallest to largest,easy,"The smallest number is 4, then 6, then 8. Therefore, the order from smallest to largest is 4, 6, 8.","{""payload"":{""answer"":""4, 6, 8"",""acceptableAnswers"":[""4, 6, 8"",""4 6 8"",""4, 6 and 8"",""four, six, eight"",""four six eight""],""caseSensitive"":false,""hint"":""Start with the smallest number.""}}",global,Text
594c495d-3d90-4964-a1c6-8571452c2a94,fitb,Write 29 in expanded form: 29 = ____.,Maths,KG,Numbers to 50,Place Value to 50,Students can write numbers up to 50 in expanded form,medium,"29 has 2 tens, which is 20, and 9 ones, which is 9. Therefore, its expanded form is 20 + 9.","{""payload"":{""answer"":""20 + 9"",""acceptableAnswers"":[""20 + 9"",""20+9"",""twenty plus nine"",""twenty + nine"",""2 tens + 9 ones""],""caseSensitive"":false,""hint"":""Write the value of the tens and the value of the ones as an addition sentence.""}}",global,Text
76bdb923-8796-443e-87eb-43f994ddb019,fitb,There are 9 toys. Take away 4 toys. Write a subtraction sentence using the − and = signs: ____,Maths,KG,Introduction to Subtraction,Understanding Subtraction,Students can write subtraction sentences using the − and = signs,hard,"There are 9 toys, and taking away 4 leaves 5. The complete subtraction sentence is 9 − 4 = 5.","{""payload"":{""answer"":""9 − 4 = 5"",""acceptableAnswers"":[""9 − 4 = 5"",""9-4=5"",""9 - 4 = 5"",""9−4=5"",""9 − 4=5""],""caseSensitive"":false,""hint"":""Start with 9, subtract 4, and write the full subtraction sentence.""}}",global,Text
8ed2657b-0537-4449-be57-b16c99ced981,fitb,There are 7 toy cars. How many more toy cars are needed to make 10? ____,Maths,KG,Composing Numbers to 10,Number Bonds,Students can complete number bond diagrams with a missing part,easy,The missing part is 3 because 7 + 3 = 10.,"{""payload"":{""answer"":""3"",""acceptableAnswers"":[""3"",""three"",""3 more"",""three more"",""3 toy cars"",""three toy cars""],""caseSensitive"":false,""hint"":""Think about the number you add to 7 to make 10.""}}",global,Text
d68669ed-f69e-486a-be2d-7f358a9b0de7,fitb,A full ten frame holds 10 counters. There are 15 counters altogether. How many counters are outside the full ten frame? ____ counters.,Maths,KG,Composing Numbers to 20,Making Teen Numbers,Students can build teen numbers using ten frames and counters,easy,"A full ten frame has 10 counters. Since there are 15 counters altogether, 15 − 10 = 5 counters are outside the full ten frame.","{""payload"":{""answer"":""5"",""acceptableAnswers"":[""5"",""five"",""5 counters"",""five counters""],""caseSensitive"":false,""hint"":""Think about how many counters are left after the full ten frame is filled.""}}",global,Text
4500ca0d-4841-4bee-84eb-73556bb9e96b,fitb,"Which number is greater, 8 or 6? ____",Maths,KG,Numbers 6-10,Comparing Numbers to 10,Students can compare two numbers within 10 and state which is greater,easy,"8 is greater than 6, so the greater number is 8.","{""payload"":{""answer"":""8"",""acceptableAnswers"":[""8"",""eight"",""8 is greater"",""eight is greater"",""8 is greater than 6""],""caseSensitive"":false,""hint"":""Think about which number comes later when you count.""}}",global,Text
68ac5844-5ead-48e9-840c-e62d8b7c4caa,fitb,Start at 5. Count by 5s and write the next four numbers: ____,Maths,KG,Numbers to 100,Counting to 100,"Students can count by twos, fives, and tens to 100",easy,"Start with 5 and add 5 each time: 5, 10, 15, 20, 25. The four numbers after 5 are 10, 15, 20, and 25.","{""payload"":{""answer"":""10, 15, 20, 25"",""acceptableAnswers"":[""10, 15, 20, 25"",""10 15 20 25"",""10-15-20-25"",""ten, fifteen, twenty, twenty-five"",""10, 15, 20 and 25""],""caseSensitive"":false,""hint"":""Add 5 each time to find the next number.""}}",global,Text
f349bf76-70a4-4dd1-9185-07f709773f8a,fitb,"In Australia, the common coin with twelve sides is called ____.",Maths,KG,Introduction to Money,Recognising Coins & Notes,Students can identify common coins and notes by name,easy,"The common Australian coin with twelve sides is the 50-cent coin, so the blank should be filled with the name 50-cent coin.","{""payload"":{""answer"":""50-cent coin"",""acceptableAnswers"":[""50-cent coin"",""50 cent coin"",""fifty-cent coin"",""fifty cent coin"",""50 cents"",""fifty cents"",""50c"",""50 c""],""caseSensitive"":false,""hint"":null}}",Australia,Alphanumeric
e3cea3d2-dedc-4c49-be2f-76acbb5a47f3,fitb,15 is ____ 12.,Maths,KG,Numbers 11-20,Ordering to 20,Students can compare any two numbers within 20 using greater than or less than,easy,"15 is greater than 12 because it comes later when counting, so the correct symbol is >.","{""payload"":{""answer"":"">"",""acceptableAnswers"":["">"",""greater than"",""more than"",""larger than""],""caseSensitive"":false,""hint"":null}}",global,Alphanumeric
50e1577b-fa72-4c8c-b641-dcbb0a44db21,fitb,Complete the number sentence: 14 is made of 10 and ____.,Maths,KG,Composing Numbers to 20,Making Teen Numbers,Students can break apart numbers 11 to 20 into ten and ones,easy,"14 can be broken into 10 and 4 ones. Therefore, the missing part is 4 ones.","{""payload"":{""answer"":""4 ones"",""acceptableAnswers"":[""4 ones"",""four ones"",""4"",""four""],""caseSensitive"":false,""hint"":""Start with 10. Count how many more are needed to make 14.""}}",global,Alphanumeric
60e74018-7005-4c54-be5d-1df3697c7606,fitb,Write the correct comparison symbol in the blank: 5 ____ 2 + 4.,Maths,KG,Comparing Numbers,"Greater Than, Less Than, Equal To",Students can use the symbols > < and = to compare numbers up to 10,medium,"2 + 4 = 6. Since 5 is less than 6, the correct comparison symbol is <.","{""payload"":{""answer"":""<"",""acceptableAnswers"":[""<""],""caseSensitive"":false,""hint"":""Work out the total on the right.""}}",global,Alphanumeric
d47249d2-ff7e-4dc3-9239-09539b0b06e2,fitb,"A book is measured with equal blocks placed end to end. The units are: block, block. How many blocks long is the book? ____",Maths,KG,Introduction to Measurement,Comparing Length & Size,Students can use non-standard units to measure length,easy,"There are two block units in the measurement, so the book is 2 blocks long.","{""payload"":{""answer"":""2"",""acceptableAnswers"":[""2"",""two"",""2 blocks"",""two blocks""],""caseSensitive"":false,""hint"":""Count the block units listed.""}}",global,Alphanumeric
674a8e90-b8ec-47fa-a9e7-806339c7884e,fitb,"A number line has five marks. The first mark is 6, the last mark is 10, and each next mark is one more than the mark before it. What number is at the third mark? ____",Maths,KG,Numbers 6-10,Comparing Numbers to 10,Students can place numbers 6 to 10 correctly on a number line,easy,"The marks are 6, 7, 8, 9, and 10 in order. Therefore, the third mark is 8.","{""payload"":{""answer"":""8"",""acceptableAnswers"":[""8"",""eight"",""the number 8"",""the number eight"",""number 8""],""caseSensitive"":false,""hint"":""Count from 6: 6 is first, 7 is second, and then find the third mark.""}}",global,Alphanumeric
719588a8-a597-49c1-baa6-23c2780054c7,fitb,There are 5 toy blocks altogether. Split them into two groups. One group has 2 blocks. The other group has ____ blocks.,Maths,KG,Composing Numbers to 10,Making Numbers,Students can use objects or drawings to represent all pairs that make a given number,easy,"The two groups must contain 5 blocks altogether. Since 2 blocks are in one group, 3 blocks are in the other group: 2 + 3 = 5.","{""payload"":{""answer"":""3"",""acceptableAnswers"":[""3"",""three"",""3 blocks"",""three blocks"",""3 toy blocks""],""caseSensitive"":false,""hint"":""Count on from 2 until you reach 5.""}}",global,Alphanumeric
fae4e862-b7e0-4586-9475-81c4f4d0c3eb,fitb,"In the United States, a 50-cent coin is also called a ____.",Maths,KG,Introduction to Money,Recognising Coins & Notes,Students can identify common coins and notes by name,easy,"Fifty cents is half of one dollar, so this US coin is also called a half-dollar.","{""payload"":{""answer"":""half-dollar"",""acceptableAnswers"":[""half-dollar"",""half dollar"",""half-dollar coin"",""half dollar coin"",""half dollar piece""],""caseSensitive"":false,""hint"":null}}",US,Alphanumeric
a4b1fa0d-036c-4449-a9b8-9c726c455516,fitb,Complete this number comparison with a comparison symbol or words: 19 ____ 13.,Maths,KG,Numbers 11-20,Ordering to 20,Students can compare any two numbers within 20 using greater than or less than,hard,"19 is greater than 13, so the correct comparison is >. The words “greater than” express the same comparison.","{""payload"":{""answer"":"">"",""acceptableAnswers"":["">"",""greater than""],""caseSensitive"":false,""hint"":null}}",global,Alphanumeric
7f5a5b85-f9b2-4568-a3a3-9a692ea9b27a,fitb,1 + 2 ____ 2 + 2,Maths,KG,Comparing Numbers,"Greater Than, Less Than, Equal To",Students can use the symbols > < and = to compare numbers up to 10,hard,"1 + 2 = 3 and 2 + 2 = 4. Since 3 is less than 4, the correct symbol is the less-than symbol, <.","{""payload"":{""answer"":""<"",""acceptableAnswers"":[""<""],""caseSensitive"":false,""hint"":""Find both totals, then compare.""}}",global,Alphanumeric
2b03393f-5556-48e7-93f0-81314ece7e3b,fitb,"Two toy trains are measured in blocks. One train is 8 blocks long, and the other is 5 blocks long. Which train is longer? ____",Maths,KG,Introduction to Measurement,Comparing Length & Size,"Students can compare two objects directly and say which is longer, shorter, taller, or heavier",easy,The train that is 8 blocks long is longer because 8 blocks is more than 5 blocks.,"{""payload"":{""answer"":""8-block train"",""acceptableAnswers"":[""8-block train"",""8 block train"",""the 8-block train"",""eight-block train"",""the eight-block train"",""the train that is 8 blocks long""],""caseSensitive"":false,""hint"":""Compare the two lengths: 8 blocks and 5 blocks.""}}",global,Alphanumeric
dc22c92d-e2e8-43b7-912b-3dd8452d48e5,fitb,"In the United States, a note worth $5 is commonly called a ____.",Maths,KG,Introduction to Money,Recognising Coins & Notes,Students can identify common coins and notes by name,easy,"In US English, a note worth five dollars is commonly called a five-dollar bill. The name being recalled is ""bill"".","{""payload"":{""answer"":""five-dollar bill"",""acceptableAnswers"":[""five-dollar bill"",""5-dollar bill"",""five dollar bill"",""5 dollar bill"",""$5 bill"",""bill""],""caseSensitive"":false,""hint"":null}}",US,Alphanumeric
c412010d-b59f-4034-9066-795b951fe015,fitb,20 is ____ 17.,Maths,KG,Numbers 11-20,Ordering to 20,Students can compare any two numbers within 20 using greater than or less than,easy,"20 is greater than 17, so the greater-than symbol, >, goes in the blank.","{""payload"":{""answer"":"">"",""acceptableAnswers"":["">"",""greater than"",""more than"",""larger than"",""bigger than""],""caseSensitive"":false,""hint"":null}}",global,Alphanumeric
5ee57b65-33e6-4e5f-81a8-fbefd3e5c694,fitb,Complete the comparison with the correct symbol: 3 ____ 8,Maths,KG,Comparing Numbers,"Greater Than, Less Than, Equal To",Students can use the symbols > < and = to compare numbers up to 10,medium,"3 is less than 8, so the missing comparison symbol is <, the less-than symbol.","{""payload"":{""answer"":""<"",""acceptableAnswers"":[""<""],""caseSensitive"":false,""hint"":""Think: which number is smaller?""}}",global,Alphanumeric
4a6e034f-5fe0-4d67-b6ab-563694dc6912,fitb,"Ben measures a leaf with cubes placed end to end. He uses one cube, then one more cube, then one more cube. How many cubes long is the leaf? ____",Maths,KG,Introduction to Measurement,Comparing Length & Size,Students can use non-standard units to measure length,easy,"Count the cubes used end to end: 1, 2, 3. Therefore, the leaf is 3 cubes long.","{""payload"":{""answer"":""3"",""acceptableAnswers"":[""3"",""three"",""3 cubes"",""three cubes"",""3 cubes long"",""three cubes long""],""caseSensitive"":false,""hint"":""Count each cube once.""}}",global,Alphanumeric
f5f44264-f85a-46d3-a522-185324da5c77,fitb,A UK coin has seven sides and is larger than the 20p coin. What is its name? ____,Maths,KG,Introduction to Money,Recognising Coins & Notes,Students can identify common coins and notes by name,easy,"The 50p coin is larger than the 20p coin, and both have seven sides. These clues identify the coin as a 50p coin.","{""payload"":{""answer"":""50p coin"",""acceptableAnswers"":[""50p coin"",""50 p coin"",""50p"",""50 pence coin"",""fifty pence coin"",""fifty-pence coin"",""50p piece"",""fifty pence piece""],""caseSensitive"":false,""hint"":null}}",UK,Alphanumeric
c8743e26-ee3c-4e94-9741-da7644fbf386,fitb,"Put 67, 52, and 59 in order from least to greatest. Which number comes last? ____",Maths,1,Place Value to 99,Comparing & Ordering to 99,Students can order a set of 2-digit numbers from least to greatest,medium,"From least to greatest, the numbers are 52, 59, and 67. Therefore, 67 comes last because it is the greatest number.","{""payload"":{""answer"":""67"",""acceptableAnswers"":[""67"",""sixty-seven"",""sixty seven""],""caseSensitive"":false,""hint"":""Find the greatest number.""}}",global,Number
a6663f89-1d33-4f62-bd8f-7a9f86a9d29b,fitb,Each vertical bar (|) represents 1 child. Orange: ||||; Grape: |. Orange has ____ children.,Maths,1,Data & Graphs,Reading Graphs,Students can read and interpret a simple pictograph or bar graph,easy,"The Orange row has 4 vertical bars. Since each bar represents 1 child, 4 children chose orange.","{""payload"":{""answer"":""4"",""acceptableAnswers"":[""4"",""four"",""4 children"",""four children""],""caseSensitive"":false,""hint"":null}}",global,Number
ad8f6775-ff60-498c-9f0b-c69a77dec704,fitb,72 take away 50 is ____,Maths,1,Addition & Subtraction,Subtracting 2-Digit Numbers,Students can use place value understanding to subtract with and without regrouping,easy,"Subtract the tens: 7 tens minus 5 tens leaves 2 tens, and the 2 ones remain. So, 72 minus 50 is 22.","{""payload"":{""answer"":""22"",""acceptableAnswers"":[""22"",""twenty-two"",""twenty two""],""caseSensitive"":false,""hint"":null}}",global,Number
57f5bea4-d6ee-45a6-8ccd-97ac6aa080c9,fitb,One 10-cent coin and two 5-cent coins make ____ cents.,Maths,1,Money & Currency,Counting Money,Students can count a small collection of coins to find the total,easy,"The coins have values of 10 cents, 5 cents, and 5 cents. Adding them gives 10 + 5 + 5 = 20 cents.","{""payload"":{""answer"":""20"",""acceptableAnswers"":[""20"",""twenty"",""20 cents"",""twenty cents"",""20¢""],""caseSensitive"":false,""hint"":null}}",US,Number
840f4b9b-f3e9-4b07-9e33-6e7467b50e0a,fitb,Use the quick trick: think of 9 as 10 − 1. What is 9 + 5? ____,Maths,1,Vedic Mathematics,Mental Addition Tricks,Students can use the Vedic addition technique to add numbers quickly mentally,easy,Think of 9 as 10 − 1. Then 9 + 5 = 10 + 5 − 1 = 14.,"{""payload"":{""answer"":""14"",""acceptableAnswers"":[""14"",""fourteen"",""14.00""],""caseSensitive"":false,""hint"":""Think of 9 as 10 − 1, then add 5.""}}",global,Number
7476f9ea-4261-43de-9776-08de764c40d2,fitb,2 + 2 + 2 has the same total as 3 × ____.,Maths,1,Introduction to Multiplication,Repeated Addition,Students can write repeated addition sentences and connect them to multiplication,medium,"2 + 2 + 2 is 3 groups of 2, so it matches 3 × 2.","{""payload"":{""answer"":""2"",""acceptableAnswers"":[""2"",""two""],""caseSensitive"":false,""hint"":""Count how many times 2 is added.""}}",global,Number
9f91cd73-8c25-43db-ba7d-69a48e8fd5fe,fitb,"What is the next number in this sequence? 5, 6, 7, 8, ____.",Maths,1,Patterns & Sequences,Number Sequences,Students can continue a number sequence by identifying the rule,easy,"The sequence increases by 1 each time: 5, 6, 7, 8, 9. Therefore, the next number is 9.","{""payload"":{""answer"":""9"",""acceptableAnswers"":[""9"",""nine"",""9.0"",""9.00""],""caseSensitive"":false,""hint"":""Look at how much each number increases each time.""}}",global,Number
08614a95-f9ba-423f-9dab-5aa1b10dd67e,fitb,Which whole number is greater than 5 and less than 7? ____,Maths,1,Logical Reasoning,Simple Problem Solving,Students can eliminate incorrect options to find the right answer,easy,"Among whole numbers, 6 is greater than 5 and less than 7. The other choices, 4, 7, and 8, do not meet both conditions.","{""payload"":{""answer"":""6"",""acceptableAnswers"":[""6"",""six"",""the number 6"",""the number six""],""caseSensitive"":false,""hint"":""Look for a whole number that is greater than 5 and smaller than 7.""}}",global,Number
9f1c9356-e5d7-4441-987d-30180002953e,fitb,"To show 10:30 on a clock, the short hand lies halfway between 10 and ____.",Maths,1,Telling Time,Reading a Clock,Students can draw hands on a clock to show a given time,medium,"At 10:30, the minute hand points to 6, showing that 30 minutes have passed. The short hour hand is halfway between 10 and 11, so the blank is 11.","{""payload"":{""answer"":""11"",""acceptableAnswers"":[""11"",""eleven"",""11 o'clock"",""eleven o'clock""],""caseSensitive"":false,""hint"":""The short hand moves toward the next hour.""}}",global,Number
e380a123-477f-4b92-be70-bd0375536eed,fitb,A pencil measures 7 paper clips long. A crayon measures 5 paper clips long. How many more paper clips does the pencil measure than the crayon? ____,Maths,1,Length & Measurement,Measuring Length,Students can measure objects using non-standard units and compare lengths,easy,Subtract the crayon's length from the pencil's length: 7 - 5 = 2. The pencil measures 2 more paper clips than the crayon.,"{""payload"":{""answer"":""2"",""acceptableAnswers"":[""2"",""two"",""2 paper clips"",""two paper clips"",""2 paperclips""],""caseSensitive"":false,""hint"":null}}",global,Number
d6d2726a-c8d0-4047-8c6c-e78d6f1ebe79,fitb,One ten and six ones make _____.,Maths,1,Place Value to 99,Tens and Ones,Students can group objects into tens and ones,easy,"One ten is 10 ones. Ten ones and six ones make 16, so the answer is 16.","{""payload"":{""answer"":""16"",""acceptableAnswers"":[""16"",""sixteen""],""caseSensitive"":false,""hint"":null}}",global,Number
4da73f50-eb91-49de-b946-58f13b3161d3,fitb,"Each block represents 1 toy.
Ball: ████
Teddy: ██
How many toys does the bar labeled Ball show? ____",Maths,1,Data & Graphs,Reading Graphs,Students can read and interpret a simple pictograph or bar graph,easy,"The bar labeled Ball has 4 blocks. Each block represents 1 toy, so the bar shows 4 toys.","{""payload"":{""answer"":""4"",""acceptableAnswers"":[""4"",""four"",""4 toys"",""four toys""],""caseSensitive"":false,""hint"":null}}",global,Number
8029ece8-4f79-4146-a447-2af82a7b0d3f,fitb,A box has 67 blocks. Take away 30 blocks. How many blocks are left? ____,Maths,1,Addition & Subtraction,Subtracting 2-Digit Numbers,Students can subtract a 1- or 2-digit number from a 2-digit number,easy,"Take away 30 from 67: 67 - 30 = 37. So, 37 blocks are left.","{""payload"":{""answer"":""37"",""acceptableAnswers"":[""37"",""thirty-seven"",""thirty seven"",""37 blocks"",""thirty-seven blocks""],""caseSensitive"":false,""hint"":null}}",global,Number
3d921a9c-94bb-4553-9cc0-e9a39f49725f,fitb,One 25-cent coin and three 5-cent coins are worth a total of ____ cents.,Maths,1,Money & Currency,Counting Money,Students can count a small collection of coins to find the total,medium,"The three 5-cent coins make 5 + 5 + 5 = 15 cents. Then 25 + 15 = 40 cents, so the total is 40 cents.","{""payload"":{""answer"":""40"",""acceptableAnswers"":[""40"",""forty"",""40 cents"",""forty cents"",""40¢""],""caseSensitive"":false,""hint"":""Three 5-cent coins make 15 cents.""}}",US,Number
20451965-55a0-4774-83d7-12c8c86c9490,fitb,Use the digit-sum check to verify the addition. The answer 28 for 15 + 14 fails the check. The correct sum is ____.,Maths,1,Vedic Mathematics,Mental Addition Tricks,Students can explain and apply a Vedic shortcut to check sums,hard,"First add the numbers: 15 + 14 = 29. For the digit-sum check, 15 has a digit sum of 1 + 5 = 6, and 14 has a digit sum of 1 + 4 = 5. Then 6 + 5 = 11, and 1 + 1 = 2. The proposed answer 28 has a digit sum of 2 + 8 = 10, and 1 + 0 = 1, so it fails the check. The answer 29 has a digit sum of 2 + 9 = 11, which reduces to 2, so the check confirms the correct sum.","{""payload"":{""answer"":""29"",""acceptableAnswers"":[""29"",""twenty-nine"",""twenty nine"",""2 tens and 9 ones"",""two tens and nine ones""],""caseSensitive"":false,""hint"":""Add 15 and 14, then use the digit-sum check to confirm the answer.""}}",global,Number
0c139c7b-9326-4238-8ddd-b3bd5a60b3ca,fitb,There are 3 equal groups with 2 toy cars in each group. How many toy cars are there altogether? ____,Maths,1,Introduction to Multiplication,Equal Groups,Students can arrange objects into equal groups and count the total,easy,"There are 2 toy cars in each of 3 equal groups. Add 2 three times: 2 + 2 + 2 = 6. Therefore, there are 6 toy cars altogether.","{""payload"":{""answer"":""6"",""acceptableAnswers"":[""6"",""six"",""6 toy cars"",""six toy cars"",""6 cars""],""caseSensitive"":false,""hint"":""Add the 2 toy cars in each group three times.""}}",global,Number
7d5bd9b5-2cec-4075-b02f-d2c82798ea5c,fitb,"What number comes next in the growing pattern 2, 5, 8, 11? ____",Maths,1,Patterns & Sequences,Growing Patterns,Students can describe how a growing pattern changes at each step,easy,"The pattern increases by 3 each time: 2, 5, 8, 11, 14. Therefore, the next number is 14.","{""payload"":{""answer"":""14"",""acceptableAnswers"":[""14"",""fourteen""],""caseSensitive"":false,""hint"":""Look at how much the pattern increases from one number to the next.""}}",global,Number
347b5a5f-9e6d-4f4b-b8b2-77cf75787962,fitb,Use place value to subtract. Complete the equation: 63 - 40 = ____.,Maths,1,Addition & Subtraction,Subtracting 2-Digit Numbers,Students can use place value understanding to subtract with and without regrouping,easy,"63 has 6 tens and 3 ones. Subtracting 40 removes 4 tens, leaving 2 tens and 3 ones. That is 23.","{""payload"":{""answer"":""23"",""acceptableAnswers"":[""23"",""twenty-three"",""twenty three"",""2 tens and 3 ones"",""two tens and three ones""],""caseSensitive"":false,""hint"":""Look at the tens and ones in 63. Subtract 4 tens from its 6 tens.""}}",global,Text
68a2b875-d690-4710-9eed-8f7209394d58,fitb,There are 2 boxes. Each box has 5 oranges. Complete the description: 2 ____ 5.,Maths,1,Introduction to Multiplication,Equal Groups,Students can describe a multiplication situation using the words 'groups of',easy,"The two boxes make 2 equal groups, and each group has 5 oranges. The situation is described as “2 groups of 5.”","{""payload"":{""answer"":""groups of"",""acceptableAnswers"":[""groups of""],""caseSensitive"":false,""hint"":null}}",global,Text
8bfbf6ab-89fc-4bb8-b4c3-23d88980cbee,fitb,We go to sleep at ____.,Maths,1,Telling Time,Time in Daily Life,Students can sequence daily events and relate them to times of day,easy,"Going to sleep usually happens at night, so the missing time of day is night.","{""payload"":{""answer"":""night"",""acceptableAnswers"":[""night"",""nighttime"",""night time"",""night-time""],""caseSensitive"":false,""hint"":null}}",global,Text
5755369a-cf33-4d7e-a1de-acafa24fd3ff,fitb,"In the number 26, what is the value of the digit 2? ____",Maths,1,Place Value to 99,Tens and Ones,Students can identify the value of each digit in a 2-digit number,easy,"In 26, the digit 2 is in the tens place. It represents 2 tens, which is 20.","{""payload"":{""answer"":""20"",""acceptableAnswers"":[""20"",""twenty"",""2 tens"",""two tens""],""caseSensitive"":false,""hint"":""Think about the place of the digit 2 in 26.""}}",global,Text
bcbe525d-ba10-40eb-a455-4da06789239b,fitb,Use the digit-sum check. The equation 23 + 14 = 38 is ____.,Maths,1,Vedic Mathematics,Mental Addition Tricks,Students can explain and apply a Vedic shortcut to check sums,medium,"For 23, the digit sum is 2 + 3 = 5. For 14, it is 1 + 4 = 5, so the left-side check gives 5 + 5 = 10. For 38, the digit sum is 3 + 8 = 11. Because 10 and 11 do not match, the equation is wrong.","{""payload"":{""answer"":""wrong"",""acceptableAnswers"":[""wrong"",""not correct"",""incorrect"",""not right""],""caseSensitive"":false,""hint"":""Compare the digit sums on both sides.""}}",global,Text
99bdde09-7b96-4527-b385-0b67fdb8b1ed,fitb,Compare the total value of 2 5-cent coins and 2 10-cent coins with the value of 1 25-cent coin. The greater amount is ____.,Maths,1,Money & Currency,Identifying Money,Students can compare two amounts and identify which is more,hard,"2 5-cent coins are worth 10 cents, and 2 10-cent coins are worth 20 cents. Together, they are worth 30 cents. Since 30 cents is greater than 25 cents, the greater amount is 30 cents.","{""payload"":{""answer"":""30 cents"",""acceptableAnswers"":[""30 cents"",""30"",""thirty cents"",""30 c"",""30¢""],""caseSensitive"":false,""hint"":""Add the values of the 5-cent coins and the 10-cent coins first.""}}",Australia,Text
bbd3b37b-3a21-4f16-88c1-ffddddbc1f6f,fitb,"The data show 2 gems, 2 coins, and 4 maps. Compared with each group that has 2 items, the group that has 4 items has ____",Maths,1,Data & Graphs,Reading Graphs,Students can answer questions about data shown in a graph,medium,The group with 4 items has more items than a group with 2 items because 4 is greater than 2.,"{""payload"":{""answer"":""more items"",""acceptableAnswers"":[""more items"",""more"",""a greater number of items"",""a larger number of items"",""a higher count""],""caseSensitive"":false,""hint"":""Compare 4 items with 2 items.""}}",global,Text
e568ee55-01f3-4123-9e8e-152a08ad3246,fitb,"A book is 7 cubes long. A bag is 5 cubes long. A crayon is 7 cubes long. Compared with the book and the crayon, the bag is ____.",Maths,1,Length & Measurement,Measuring Length,Students can measure objects using non-standard units and compare lengths,medium,"The book and the crayon each measure 7 cubes, while the bag measures 5 cubes. Since 5 cubes is fewer than 7 cubes, the bag is shorter than both.","{""payload"":{""answer"":""shorter"",""acceptableAnswers"":[""shorter"",""not as long"",""shorter in length"",""shorter than both"",""not as long as both""],""caseSensitive"":false,""hint"":""Compare the number of cubes used to measure the bag with the number used for the other two objects.""}}",global,Text
d66f8122-8029-4bfa-be79-7cb0f6d14865,fitb,"What number comes next in the pattern 1, 2, 3, 4, 5? ____",Maths,1,Patterns & Sequences,Number Sequences,Students can find missing numbers in a simple sequence,easy,"The pattern increases by 1 each time: 1, 2, 3, 4, 5, so the next number is 6.","{""payload"":{""answer"":""6"",""acceptableAnswers"":[""6"",""six"",""the number 6"",""the number six""],""caseSensitive"":false,""hint"":""Look at how much each number increases each time.""}}",global,Text
582c07a9-a818-45ab-8f19-aacb9f13e5dd,fitb,Which flat shape has 3 sides? ____,Maths,1,Shapes & Repeating Patterns,2D & 3D Shapes,Students can name and describe 2D and 3D shapes and their properties,easy,"A triangle has 3 sides. A square and a rectangle have 4 sides, while a circle has no straight sides, so triangle is the correct answer.","{""payload"":{""answer"":""triangle"",""acceptableAnswers"":[""triangle"",""a triangle"",""triangle shape"",""a triangle shape"",""triangular shape""],""caseSensitive"":false,""hint"":""Count the sides of each shape. Which one has 3 sides?""}}",global,Text
b55c6160-2ba3-44e5-a7bd-71c4a149394a,fitb,"What rule describes the pattern 5, 7, 9, 11? ____",Maths,1,Logical Reasoning,Pattern Recognition,Students can explain the rule behind a given pattern,easy,"Each number is 2 more than the number before it, so the rule is to add 2 each time.","{""payload"":{""answer"":""add 2 each time"",""acceptableAnswers"":[""add 2 each time"",""adding 2 each time"",""increase by 2 each time"",""increasing by 2 each time"",""go up by 2 each time""],""caseSensitive"":false,""hint"":""Compare each number with the number immediately before it.""}}",global,Text
a59c4a5c-1825-4f63-b4b1-76531c34e0aa,fitb,"A fact family with 2, 7, and 9 has four related facts. Two are 7 + 2 = 9 and 9 - 7 = 2. Write the other subtraction fact: ____.",Maths,1,Addition & Subtraction,Fact Families,Students can identify related addition and subtraction facts,easy,"A fact family uses the same three numbers. Since 7 + 2 = 9 and 9 - 7 = 2, the other subtraction fact subtracts 2 from 9, leaving 7: 9 - 2 = 7.","{""payload"":{""answer"":""9 - 2 = 7"",""acceptableAnswers"":[""9 - 2 = 7"",""9−2=7"",""9 minus 2 equals 7"",""nine minus two equals seven"",""9 minus 2 is 7""],""caseSensitive"":false,""hint"":null}}",global,Text
5a71f146-a72a-4a69-a155-f3dda86aad27,fitb,There are 2 equal groups. Each group has 3 balloons. Use the words “groups of” to describe this situation: ____,Maths,1,Introduction to Multiplication,Equal Groups,Students can describe a multiplication situation using the words 'groups of',easy,"The first number tells how many groups there are, and the second number tells how many balloons are in each group. So the situation is described as 2 groups of 3 balloons.","{""payload"":{""answer"":""2 groups of 3 balloons"",""acceptableAnswers"":[""2 groups of 3 balloons"",""two groups of three balloons"",""2 groups of three balloons"",""two groups of 3 balloons"",""2 groups of 3"",""two groups of three""],""caseSensitive"":false,""hint"":null}}",global,Text
e0b4ec0f-d27e-4e59-b591-1d5e7c05c69a,fitb,"To show half past 1 on a clock, write the hand positions in this order: long hand, then short hand: ____.",Maths,1,Telling Time,Reading a Clock,Students can draw hands on a clock to show a given time,medium,"Half past 1 is 1:30. At 30 minutes, the long minute hand points to 6, and the short hour hand is between 1 and 2.","{""payload"":{""answer"":""6; between 1 and 2"",""acceptableAnswers"":[""6; between 1 and 2"",""six; between 1 and 2"",""6; between one and two"",""six; between one and two"",""6, between 1 and 2"",""six, between 1 and 2"",""6 and between 1 and 2"",""six and between one and two""],""caseSensitive"":false,""hint"":null}}",global,Text
1c1c1bbe-c439-4c38-8372-08ac7af59e0f,fitb,Write 96 in expanded form: ____,Maths,1,Place Value to 99,Tens and Ones,Students can write 2-digit numbers in expanded form,easy,"The 9 is in the tens place, so it represents 90. The 6 is in the ones place, so 96 written in expanded form is 90 + 6.","{""payload"":{""answer"":""90 + 6"",""acceptableAnswers"":[""90 + 6"",""90+6"",""90 plus 6"",""ninety plus six"",""ninety + 6""],""caseSensitive"":false,""hint"":null}}",global,Text
ebe97a61-680e-4f67-9346-01bbe0e60695,fitb,Use the digit-sum shortcut to check the equation: 18 + 11 = 30. The equation is ____.,Maths,1,Vedic Mathematics,Mental Addition Tricks,Students can explain and apply a Vedic shortcut to check sums,medium,"The digit sum of 18 is 1 + 8 = 9, and the digit sum of 11 is 1 + 1 = 2. Together, the left side has a digit sum of 9 + 2 = 11, and 1 + 1 = 2. The digit sum of 30 is 3 + 0 = 3. Because the digit sums do not match, the equation is wrong.","{""payload"":{""answer"":""wrong"",""acceptableAnswers"":[""wrong"",""incorrect"",""not correct"",""false"",""not true""],""caseSensitive"":false,""hint"":""Compare the digit sums on both sides.""}}",global,Text
4f6ce83f-a480-44b8-ac0e-8f001d0e29b5,fitb,A 25-cent coin and a 5-cent coin make 30 cents. Show 30 cents in a different way using only 5-cent coins: ____,Maths,1,Money & Currency,Counting Money,Students can show a given amount using different coin combinations,easy,Six 5-cent coins make 30 cents because 5 cents + 5 cents + 5 cents + 5 cents + 5 cents + 5 cents equals 30 cents. This is a different combination from one 25-cent coin and one 5-cent coin.,"{""payload"":{""answer"":""six 5-cent coins"",""acceptableAnswers"":[""six 5-cent coins"",""6 5-cent coins"",""six 5 cent coins"",""6 5 cent coins"",""5-cent coin + 5-cent coin + 5-cent coin + 5-cent coin + 5-cent coin + 5-cent coin""],""caseSensitive"":false,""hint"":null}}",Ontario,Text
07dd5006-2664-4783-9120-013fcec39ac1,fitb,Compare 25 cents and 10 cents. The greater amount is ____.,Maths,1,Money & Currency,Identifying Money,Students can compare two amounts and identify which is more,easy,"25 cents is greater than 10 cents, so the greater amount is 25 cents.","{""payload"":{""answer"":""25 cents"",""acceptableAnswers"":[""25 cents"",""25"",""twenty-five cents"",""twenty-five"",""25c""],""caseSensitive"":false,""hint"":null}}",Australia,Alphanumeric
25fb26ea-8ed0-4d9b-8f5b-1b47642c759e,fitb,The digital time for half past 5 is ____.,Maths,1,Telling Time,Reading a Clock,Students can match analogue and digital clock times,easy,"Half past 5 means 30 minutes after 5, so the digital time is 5:30. It may also be written as 05:30 or with a dot instead of a colon.","{""payload"":{""answer"":""5:30"",""acceptableAnswers"":[""5:30"",""05:30"",""5.30"",""05.30""],""caseSensitive"":false,""hint"":null}}",global,Alphanumeric
e1e7fa03-c538-457a-8ae7-5f977ed680b3,fitb,Each star (*) means one pet. The pet counts are: Dogs: * * * *; Cats: * *; Rabbits: * * *; Fish: *. Which kind of pet has four stars? ____,Maths,1,Data & Graphs,Reading Graphs,Students can read and interpret a simple pictograph or bar graph,easy,"The dogs have four stars. Since each star means one pet, dogs are the kind of pet with four pets.","{""payload"":{""answer"":""dogs"",""acceptableAnswers"":[""dogs"",""dog"",""the dogs"",""the dog""],""caseSensitive"":false,""hint"":""Count the stars beside each pet name.""}}",global,Alphanumeric
3521826c-5387-4ae8-8e4a-114a1a5807b7,fitb,67 ____ 61,Maths,1,Place Value to 99,Comparing & Ordering to 99,Students can compare two 2-digit numbers using > < =,easy,"Both numbers have 6 tens. 7 ones is greater than 1 one, so 67 is greater than 61.","{""payload"":{""answer"":"">"",""acceptableAnswers"":["">"",""greater than"",""is greater than"",""larger than"",""is larger than""],""caseSensitive"":false,""hint"":null}}",global,Alphanumeric
97aed577-7d6c-4b72-b889-4a094b823736,fitb,Which is worth more: one 20-cent coin or two 5-cent coins? Write the greater amount in cents: ____.,Maths,1,Money & Currency,Identifying Money,Students can compare two amounts and identify which is more,easy,"Two 5-cent coins make 10 cents. One 20-cent coin is worth 20 cents, and 20 cents is more than 10 cents. The greater amount is 20 cents.","{""payload"":{""answer"":""20 cents"",""acceptableAnswers"":[""20 cents"",""twenty cents"",""20"",""20c"",""20¢""],""caseSensitive"":false,""hint"":null}}",Australia,Alphanumeric
50618b23-7da5-43f2-9bd7-b714f455d985,fitb,"The long hand is on 12, and the short hand is on 8. Write the matching digital time: ____.",Maths,1,Telling Time,Reading a Clock,Students can match analogue and digital clock times,easy,The long hand on 12 means 0 minutes. The short hand on 8 means the hour is 8. So the matching digital time is 8:00.,"{""payload"":{""answer"":""8:00"",""acceptableAnswers"":[""8:00"",""08:00"",""8.00"",""08.00""],""caseSensitive"":false,""hint"":""Look at the short hand to find the hour.""}}",global,Alphanumeric
aa379f40-c827-40ad-b368-263850adecc9,fitb,Compare 35 and 53. Write the true comparison in the blank: ____.,Maths,1,Place Value to 99,Comparing & Ordering to 99,Students can compare two 2-digit numbers using > < =,easy,"35 has 3 tens, and 53 has 5 tens. Since 3 tens is less than 5 tens, 35 < 53.","{""payload"":{""answer"":""35 < 53"",""acceptableAnswers"":[""35 < 53"",""35<53"",""35 is less than 53"",""35 is smaller than 53""],""caseSensitive"":false,""hint"":""Compare the tens digits first.""}}",global,Alphanumeric
c84b3c23-a29c-4646-845c-ddf1c9925830,fitb,Compare these two amounts: three 10-cent coins and one 25-cent coin. The greater amount is ____.,Maths,1,Money & Currency,Identifying Money,Students can compare two amounts and identify which is more,medium,"Three 10-cent coins make 30 cents. Since 30 cents is greater than 25 cents, the greater amount is 30 cents.","{""payload"":{""answer"":""30 cents"",""acceptableAnswers"":[""30 cents"",""30c"",""30"",""thirty cents"",""thirty""],""caseSensitive"":false,""hint"":""Add the values of the three 10-cent coins, then compare that total with 25 cents.""}}",US,Alphanumeric
4cec614a-3c11-45ff-bc50-5d0adbe7b6ec,fitb,"The long hand is on 6, and the short hand is between 4 and 5. Write the time in digital form: ____.",Maths,1,Telling Time,Reading a Clock,Students can match analogue and digital clock times,medium,"The long hand on 6 shows 30 minutes. The short hand between 4 and 5 shows that the hour is 4, so the digital time is 4:30.","{""payload"":{""answer"":""4:30"",""acceptableAnswers"":[""4:30"",""4.30"",""04:30"",""04.30""],""caseSensitive"":false,""hint"":""A long hand on 6 means 30 minutes.""}}",global,Alphanumeric
a2a026f3-6dae-4874-9e30-75d0129db384,fitb,"Complete the comparison by writing <, >, or =: 24 ____ 29.",Maths,1,Place Value to 99,Comparing & Ordering to 99,Students can compare two 2-digit numbers using > < =,easy,"Both numbers have 2 tens. Since 4 ones is less than 9 ones, 24 is less than 29, so the correct symbol is <.","{""payload"":{""answer"":""<"",""acceptableAnswers"":[""<"",""less than"",""is less than"",""smaller than"",""is smaller than""],""caseSensitive"":false,""hint"":null}}",global,Alphanumeric
36cd14c0-e02b-4d1c-a306-1233e6aa9af9,fitb,The first child has 2 coins worth 5 fils each. The second child has 1 coin worth 5 fils. Which child has more fils: the first or the second? ____,Maths,1,Money & Currency,Identifying Money,Students can compare two amounts and identify which is more,easy,"The first child has 2 groups of 5 fils, which is 10 fils. The second child has 1 group of 5 fils, which is 5 fils. Since 10 fils is greater than 5 fils, the first child has more.","{""payload"":{""answer"":""first"",""acceptableAnswers"":[""first"",""the first"",""first child"",""the first child""],""caseSensitive"":false,""hint"":null}}",UAE,Alphanumeric
97f52a68-815c-4477-bdb5-2c02a5c042f3,fitb,"Write the matching digital time. The short hand of an analogue clock points to 7, and the long hand points to 12. ____",Maths,1,Telling Time,Reading a Clock,Students can match analogue and digital clock times,easy,"The long hand at 12 shows 0 minutes, and the short hand at 7 shows the hour. The time is 7:00.","{""payload"":{""answer"":""7:00"",""acceptableAnswers"":[""7:00"",""07:00"",""7 o'clock"",""seven o'clock""],""caseSensitive"":false,""hint"":""The long hand at 12 shows 0 minutes. The short hand at 7 shows the hour.""}}",global,Alphanumeric
e93e7837-5816-44f5-b4eb-f77d1508b2a8,fitb,12 ____ 19,Maths,1,Place Value to 99,Comparing & Ordering to 99,Students can compare two 2-digit numbers using > < =,easy,"Both numbers have 1 ten. Compare the ones: 2 is less than 9, so 12 < 19.","{""payload"":{""answer"":""<"",""acceptableAnswers"":[""<""],""caseSensitive"":false,""hint"":null}}",global,Alphanumeric
ec800651-341f-419a-bf79-8cf306a4d29a,fitb,One group has 3 nickels and is worth 15 cents. Another group has 2 dimes and is worth 20 cents. Which group has more money? ____,Maths,1,Money & Currency,Identifying Money,Students can compare two amounts and identify which is more,medium,"The first group is worth 15 cents, and the other group is worth 20 cents. Since 20 cents is greater than 15 cents, the second group has more money.","{""payload"":{""answer"":""the second group"",""acceptableAnswers"":[""the second group"",""second group"",""the group with 2 dimes"",""the group with two dimes"",""2 dimes"",""two dimes"",""the 20-cent group"",""the group worth 20 cents""],""caseSensitive"":false,""hint"":""Count the value of each group.""}}",US,Alphanumeric
21a634a0-3b51-4043-98a0-34c22c133110,fitb,A clock has its long hand on 12 and its short hand on 11. Write the matching digital time: ____.,Maths,1,Telling Time,Reading a Clock,Students can match analogue and digital clock times,medium,"The long hand on 12 shows 0 minutes, and the short hand on 11 shows 11 hours. Therefore, the matching digital time is 11:00.","{""payload"":{""answer"":""11:00"",""acceptableAnswers"":[""11:00"",""11.00""],""caseSensitive"":false,""hint"":""When the long hand is on 12, there are 0 minutes past the hour.""}}",global,Alphanumeric
bb1d6cad-7c8c-4024-aa04-785dbd885026,fitb,"46 has 4 tens and 52 has 5 tens, so 46 ____ 52.",Maths,1,Place Value to 99,Comparing & Ordering to 99,Students can compare two 2-digit numbers using > < =,medium,"The tens digit tells us which two-digit number is greater. Since 4 tens is fewer than 5 tens, 46 is less than 52, so the correct comparison symbol is <.","{""payload"":{""answer"":""<"",""acceptableAnswers"":[""<"",""less than"",""is less than"",""smaller than""],""caseSensitive"":false,""hint"":""The number with more tens is greater.""}}",global,Alphanumeric
a449c226-2342-4cca-8f69-e616f67dfcf8,fitb,"A play box had 216 balls, then 23 teddies and 14 trains were placed in it. The box has ____ toys now.",Maths,2,Addition & Subtraction to 1000,Adding to 1000,Students can solve multi-step addition word problems,easy,First add 216 + 23 = 239. Then add 14: 239 + 14 = 253. So the box has 253 toys.,"{""payload"":{""answer"":""253"",""acceptableAnswers"":[""253"",""two hundred fifty-three"",""two hundred and fifty-three"",""two hundred fifty three"",""two hundred and fifty three""],""caseSensitive"":false,""hint"":null}}",global,Number
4adbd86c-253f-4a22-8166-1b2a3f42e560,fitb,"A toy train costs $4.00, and a ball costs $3.50. How much more does the toy train cost than the ball? ____",Maths,2,Money Operations,Counting & Comparing Money,Students can compare two amounts and find the difference,easy,"Subtract $3.50 from $4.00: $4.00 − $3.50 = $0.50, which is also 50 cents.","{""payload"":{""answer"":""$0.50"",""acceptableAnswers"":[""$0.50"",""0.50"",""0.5"",""50 cents"",""fifty cents"",""50c"",""50 c""],""caseSensitive"":false,""hint"":null}}",US,Number
d9d84f91-df8e-4e93-a645-6c1fd52c420c,fitb,"A zebra has some striped cards. It gets 4 more cards, making 9 cards altogether. It had ____ cards at first.",Maths,2,Patterns & Equations,Introduction to Equations,Students can use objects or drawings to solve for an unknown,medium,"The starting number plus 4 is 9. Subtract the 4 added cards: 9 - 4 = 5, so the zebra had 5 cards at first.","{""payload"":{""answer"":""5"",""acceptableAnswers"":[""5"",""five"",""5 cards"",""five cards""],""caseSensitive"":false,""hint"":""Think: what number plus 4 equals 9?""}}",global,Number
1416dd6f-a767-44be-90d8-808b24a36c82,fitb,Write 154 in expanded form: 154 = ____ + 50 + 4.,Maths,2,Place Value to 200,3-Digit Numbers,Students can write 3-digit numbers in standard and expanded form,easy,"In 154, the digit 1 is in the hundreds place, so it represents 100. Therefore, 154 = 100 + 50 + 4.","{""payload"":{""answer"":""100"",""acceptableAnswers"":[""100"",""one hundred"",""1 hundred""],""caseSensitive"":false,""hint"":null}}",global,Number
6a211e30-0848-4760-94b3-c988eaa58a96,fitb,A jug holds 1 litre. A cup holds 300 mL. The jug holds ____ mL more than the cup.,Maths,2,Measurement Operations,Weight & Capacity,Students can measure and compare capacity using litres and millilitres,medium,"1 litre is 1000 mL. To compare the capacities, subtract 300 mL from 1000 mL: 1000 − 300 = 700 mL. The jug holds 700 mL more than the cup.","{""payload"":{""answer"":""700"",""acceptableAnswers"":[""700"",""seven hundred"",""700 mL"",""seven hundred mL"",""700 millilitres"",""seven hundred millilitres""],""caseSensitive"":false,""hint"":""Change 1 litre to 1000 mL, then subtract 300 mL.""}}",Australia,Number
2704d9f3-7d2e-40b3-8266-897519df0f70,fitb,"In 352, the 3 is worth ____.",Maths,2,Place Value to 1000,"Hundreds, Tens & Ones",Students can identify the value of any digit in a 3-digit number,easy,"The digit 3 is in the hundreds place, so it represents 3 hundreds, which is 300.","{""payload"":{""answer"":""300"",""acceptableAnswers"":[""300"",""three hundred"",""3 hundreds"",""three hundreds"",""3 hundred""],""caseSensitive"":false,""hint"":null}}",global,Number
9bde90ba-1836-441f-93f5-c88628b6380f,fitb,"Start at 460 and count by 100s: 460, ____, 660.",Maths,2,Number Sense to 1000,Skip Counting,"Students can skip count by 2s, 5s, 10s, and 100s within 1000",medium,"Add 100 to 460 to find the missing number: 460 + 100 = 560. Adding 100 to 560 gives 660, so the missing number is 560.","{""payload"":{""answer"":""560"",""acceptableAnswers"":[""560"",""five hundred sixty"",""five hundred and sixty""],""caseSensitive"":false,""hint"":""Add 100 to 460.""}}",global,Number
902c11fd-87bd-412c-b64c-23f0ff7cf611,fitb,Find 6 × 8 using the near-10 shortcut: ____.,Maths,2,Vedic Mathematics,Multiplication Shortcuts,Students can apply a Vedic shortcut to multiply numbers near 10,medium,"6 is 4 less than 10, and 8 is 2 less than 10. Cross-subtract: 6 − 2 = 4, which gives 4 tens, or 40. Then multiply the differences: 4 × 2 = 8. Add 40 + 8 to get 48.","{""payload"":{""answer"":""48"",""acceptableAnswers"":[""48"",""forty-eight"",""forty eight"",""48.00""],""caseSensitive"":false,""hint"":""6 is 4 below 10 and 8 is 2 below 10. Cross-subtract and multiply the two differences.""}}",global,Number
47aecbbe-e058-4f1f-aa3c-7c240db2ad34,fitb,"The largest number among 31, 13, and 18 is ____ .",Maths,2,Comparing & Ordering Numbers,Ordering Numbers,Students can identify the largest and smallest in a set of numbers,medium,"31 is larger than both 13 and 18, so 31 is the largest number.","{""payload"":{""answer"":""31"",""acceptableAnswers"":[""31"",""thirty-one"",""thirty one""],""caseSensitive"":false,""hint"":""Two numbers are less than 20.""}}",global,Number
2319a6b9-6997-4f75-b38b-32650aa717e1,fitb,"What comes next in the sequence: 18, 16, 14, 12, ____?",Maths,2,Logical Reasoning,Sequences & Series,Students can identify the rule in a number or shape sequence and find the next term,medium,"The numbers decrease by 2 each time: 18, 16, 14, 12, 10. Therefore, the next number is 10.","{""payload"":{""answer"":""10"",""acceptableAnswers"":[""10"",""ten""],""caseSensitive"":false,""hint"":""Count back by 2.""}}",global,Number
6de26bab-6a48-457b-89ec-702ea11079ea,fitb,"The toy counts are 3 balls, 5 blocks, and 2 teddy bears. The total number of toys is ____.",Maths,2,Pictographs & Data,Reading Pictographs,Students can answer questions about data in a pictograph,hard,"Add the three toy counts: 3 + 5 + 2 = 10. Therefore, the total number of toys is 10.","{""payload"":{""answer"":""10"",""acceptableAnswers"":[""10"",""ten"",""10 toys"",""ten toys""],""caseSensitive"":false,""hint"":""Add the three toy counts.""}}",global,Number
711e2db9-9fb9-4808-8d35-5bd0899c2757,fitb,There are 4 rows with 4 teddies in each row. Complete the multiplication sentence: 4 × 4 = ____.,Maths,2,Multiplication & Division,Multiplication Concepts,Students can write and solve multiplication sentences,medium,"There are four groups of 4 teddies, so add 4 four times: 4 + 4 + 4 + 4 = 16. Therefore, 4 × 4 = 16.","{""payload"":{""answer"":""16"",""acceptableAnswers"":[""16"",""sixteen""],""caseSensitive"":false,""hint"":null}}",global,Number
6f8ce3b1-ed34-4d09-b327-0aed73759ce6,fitb,"The digital clock says 6:45. On an analogue clock, the minute hand points to ____.",Maths,2,Time & Clocks,Reading Time,Students can convert between analogue and digital time,hard,"Forty-five minutes is 9 groups of 5 minutes. Therefore, the minute hand points to 9 on the clock.","{""payload"":{""answer"":""9"",""acceptableAnswers"":[""9"",""the 9"",""nine"",""the number 9"",""the number nine""],""caseSensitive"":false,""hint"":""Count by fives around the clock.""}}",global,Number
12459f7c-60b6-4e38-a7ac-20d9afd91173,fitb,One shelf has 384 books and another has 208 books. Together they have ____ books.,Maths,2,Addition & Subtraction to 1000,Adding to 1000,Students can add 3-digit numbers with and without regrouping,medium,"Add 384 and 208. In the ones place, 4 + 8 = 12, so write 2 and carry 1. In the tens place, 8 + 0 + 1 = 9. In the hundreds place, 3 + 2 = 5. Therefore, there are 592 books.","{""payload"":{""answer"":""592"",""acceptableAnswers"":[""592"",""five hundred ninety-two"",""five hundred and ninety-two"",""five hundred ninety two"",""five hundred and ninety two""],""caseSensitive"":false,""hint"":""Add the ones digits carefully.""}}",global,Number
49cb8b6c-9e78-4679-944b-0b05b2ac7acc,fitb,A pencil costs £0.95 and a crayon costs £1.25. The crayon costs £____ more.,Maths,2,Money Operations,Counting & Comparing Money,Students can compare two amounts and find the difference,medium,"Subtract £0.95 from £1.25: £1.25 − £0.95 = £0.30. Therefore, the crayon costs £0.30 more.","{""payload"":{""answer"":""0.30"",""acceptableAnswers"":[""0.30"",""0.3"","".30""],""caseSensitive"":false,""hint"":""Count from 95 pence to £1.25.""}}",UK,Number
e641606b-6e41-49ae-be05-24477b950890,fitb,9 oranges are on a table. Some more are added to make 15. ____ oranges were added.,Maths,2,Patterns & Equations,Introduction to Equations,Students can use objects or drawings to solve for an unknown,hard,"The total increases from 9 to 15. Count on from 9: 10, 11, 12, 13, 14, 15. That is 6 more oranges.","{""payload"":{""answer"":""6"",""acceptableAnswers"":[""6"",""six"",""6 more"",""six more""],""caseSensitive"":false,""hint"":""Count on from 9 to 15.""}}",global,Number
f4cc671d-4991-4943-8030-e34598416666,fitb,A number is greater than 145 and less than 147. It is ____.,Maths,2,Place Value to 200,Comparing to 200,Students can compare and order 3-digit numbers up to 200,medium,Whole numbers increase by 1. The only whole number after 145 and before 147 is 146.,"{""payload"":{""answer"":""146"",""acceptableAnswers"":[""146"",""one hundred forty-six"",""one hundred forty six"",""one hundred and forty-six"",""one hundred and forty six""],""caseSensitive"":false,""hint"":""Think of the counting number between 145 and 147.""}}",global,Number
63ea9110-f021-4607-b8d9-625dd2c477a2,fitb,There are 3 equal groups with 4 pencils in each group. Write the repeated-addition equation that shows the total: ____.,Maths,2,Multiplication & Division,Multiplication Concepts,Students can describe multiplication as equal groups or repeated addition,hard,"There are 3 groups, and each group has 4 pencils, so add 4 three times: 4 + 4 + 4 = 12.","{""payload"":{""answer"":""4 + 4 + 4 = 12"",""acceptableAnswers"":[""4 + 4 + 4 = 12"",""4+4+4=12"",""four + four + four = twelve"",""4 added 3 times equals 12"",""four added three times equals twelve""],""caseSensitive"":false,""hint"":""Add the number of pencils in one group once for each of the 3 groups.""}}",global,Text
abd2f68e-ee52-49bc-992a-5746c20ad792,fitb,Which is greater: 500 mL or 1 litre? ____,Maths,2,Measurement Operations,Weight & Capacity,Students can measure and compare capacity using litres and millilitres,easy,"1 litre is equal to 1000 mL. Since 1000 mL is greater than 500 mL, 1 litre is the greater capacity.","{""payload"":{""answer"":""1 litre"",""acceptableAnswers"":[""1 litre"",""one litre"",""1 L"",""1000 mL"",""1000 millilitres""],""caseSensitive"":false,""hint"":null}}",Australia,Text
1b2cccb6-f8fa-43d4-8a38-69a73e04284a,fitb,"31 crayons make 15 pairs with 1 crayon left over. If 1 more crayon is added, will the number of crayons be odd or even? It will be ____.",Maths,2,Number Sense to 1000,Odd & Even,Students can explain why a number is odd or even using grouping,hard,"The new crayon pairs with the one left over, making 16 pairs with no crayon left over. A number that can be grouped into pairs with none left over is even.","{""payload"":{""answer"":""even"",""acceptableAnswers"":[""even"",""even number"",""an even number"",""even-numbered"",""not odd""],""caseSensitive"":false,""hint"":""The new crayon pairs with the crayon left over.""}}",global,Text
cee2e205-a3fb-4213-8304-b85820233df5,fitb,You have 60p. You want to buy both a book costing 35p and a crayon costing 29p. Do you have enough money? ____,Maths,2,Money Operations,Simple Transactions,Students can determine if an amount is enough to buy an item,medium,"The total cost is 35p + 29p = 64p. Since 60p is less than 64p, you do not have enough money to buy both items.","{""payload"":{""answer"":""no"",""acceptableAnswers"":[""no"",""no, you do not"",""no, you don't"",""not enough"",""not enough money""],""caseSensitive"":false,""hint"":""Find the total cost first.""}}",UK,Text
e91f7fd0-b28f-4c61-b51e-4ed9a3fdef60,fitb,The number just before 60 ____ 59.,Maths,2,Comparing & Ordering Numbers,Using Symbols,Students can use > < and = to compare pairs of numbers,hard,"The number just before 60 is 59. Since 59 and 59 have the same value, the correct comparison symbol is =.","{""payload"":{""answer"":""="",""acceptableAnswers"":[""=""],""caseSensitive"":false,""hint"":""Think: what comes just before 60?""}}",global,Text
82fb6fb1-2c80-41de-a96b-4a267d6d55fa,fitb,Write 704 in expanded form: ____,Maths,2,Place Value to 1000,"Hundreds, Tens & Ones",Students can write numbers in expanded form up to 1000,easy,"704 has 7 hundreds, 0 tens, and 4 ones. Its expanded form is 700 + 4.","{""payload"":{""answer"":""700 + 4"",""acceptableAnswers"":[""700 + 4"",""700+4"",""seven hundred plus four"",""7 hundreds + 4 ones"",""700 + 0 + 4""],""caseSensitive"":false,""hint"":null}}",global,Text
53d4876b-a6c2-49b0-89a5-50939662c3ee,fitb,A pictograph shows that 7 children chose bags and 2 children chose crayons. Fewer children chose ____.,Maths,2,Pictographs & Data,Reading Pictographs,Students can answer questions about data in a pictograph,easy,"Compare 7 and 2. Since 2 is less than 7, fewer children chose crayons.","{""payload"":{""answer"":""crayons"",""acceptableAnswers"":[""crayons"",""crayon"",""the crayons"",""the crayon""],""caseSensitive"":false,""hint"":null}}",global,Text
a7644218-b691-4c6d-b38e-3638e53c4ea1,fitb,"Complete the sequence: 5, 10, 15, 20, ____",Maths,2,Logical Reasoning,Sequences & Series,Students can find missing elements in a sequence,easy,"The pattern adds 5 each time. Twenty plus five is 25, so the next number is 25.","{""payload"":{""answer"":""25"",""acceptableAnswers"":[""25"",""twenty-five"",""twenty five"",""the number 25"",""the number twenty-five""],""caseSensitive"":false,""hint"":""Look at how much each number increases.""}}",global,Text
6c42d457-59ef-4b40-bb3b-4174522f5e58,fitb,"In 142, the digit 4 is in the ____.",Maths,2,Place Value to 200,3-Digit Numbers,"Students can identify hundreds, tens, and ones in 3-digit numbers up to 200",easy,"The digit 4 is the middle digit in 142. In a three-digit number, the middle digit is in the tens place.","{""payload"":{""answer"":""tens place"",""acceptableAnswers"":[""tens"",""tens place"",""the tens place"",""tens position"",""the tens position""],""caseSensitive"":false,""hint"":""Look at the middle digit of 142. Which place does the middle digit have in a three-digit number?""}}",global,Text
dad5eea7-e894-4b6b-a749-4aef5f563a5b,fitb,Find the missing number in 5 + ? = 9. Answer: ____.,Maths,2,Patterns & Equations,Introduction to Equations,Students can find a missing number in a simple equation such as 3 + __ = 7,easy,"To make 5 + ? = 9 true, find how many more than 5 is needed to reach 9: 9 - 5 = 4. Therefore, the missing number is 4.","{""payload"":{""answer"":""4"",""acceptableAnswers"":[""4"",""four"",""the missing number is 4"",""the missing number is four""],""caseSensitive"":false,""hint"":""Think about how many more you need to add to 5 to reach 9.""}}",global,Text
ed3019b2-08a7-4765-9330-3e0ef7e98a81,fitb,Use the inverse operation to check 1000 - 318 = 682. Write the addition equation: ____,Maths,2,Addition & Subtraction to 1000,Subtracting from 1000,Students can check subtraction by using the inverse operation,easy,"To check subtraction, add the difference to the number that was subtracted: 682 + 318 = 1000. Therefore, 1000 - 318 = 682 is correct.","{""payload"":{""answer"":""682 + 318 = 1000"",""acceptableAnswers"":[""682 + 318 = 1000"",""682+318=1000"",""318 + 682 = 1000"",""682 plus 318 equals 1000"",""318 plus 682 equals 1000""],""caseSensitive"":false,""hint"":""Use addition as the inverse operation.""}}",global,Text
f239c4f9-9e26-43c2-b4e4-214505c722b1,fitb,"The minute hand points to 11, and the hour hand is between 9 and 10, closer to 10. The time is ____.",Maths,2,Time & Clocks,Reading Time,Students can tell time to the nearest 5 minutes on an analogue clock,easy,"The minute hand on 11 means 55 minutes. The hour hand is still between 9 and 10, so the hour is 9. Therefore, the time is 9:55.","{""payload"":{""answer"":""9:55"",""acceptableAnswers"":[""9:55"",""09:55"",""nine-fifty-five"",""nine fifty five""],""caseSensitive"":false,""hint"":""Count by 5s around the clock. The 11 means 55 minutes.""}}",global,Text
791c2b24-0aeb-42a0-b4aa-3f4c4ee52275,fitb,"A learner says that 23 × 4 = 92. For a digit-sum check, replace each factor on the left with its digit sum, multiply, and add digits repeatedly until one digit remains. Also add the digits of 92 repeatedly until one digit remains. Do both sides give the same digit, so the answer passes the check? ____",Maths,2,Vedic Mathematics,Quick Calculation Tricks,Students can verify answers using a Vedic digit-sum check method,easy,"The digit sum of 23 is 2 + 3 = 5, and the digit sum of 4 is 4. Then 5 × 4 = 20, which reduces to 2. On the right, 92 reduces as 9 + 2 = 11 and 1 + 1 = 2. Both sides give 2, so the answer passes the digit-sum check.","{""payload"":{""answer"":""yes"",""acceptableAnswers"":[""yes"",""yes, they do"",""yes, it passes"",""it passes"",""passes""],""caseSensitive"":false,""hint"":null}}",global,Text
fbb06146-e3f1-4ad9-8c8a-aa837f675d25,fitb,"A toy train has 7 cars, with 8 seats in each car. Write a multiplication sentence for the total number of seats and solve it: ____.",Maths,2,Multiplication & Division,Multiplication Concepts,Students can write and solve multiplication sentences,hard,"There are 7 equal groups of 8 seats. Adding 8 seven times gives 56, so the multiplication sentence is 7 × 8 = 56.","{""payload"":{""answer"":""7 × 8 = 56"",""acceptableAnswers"":[""7 × 8 = 56"",""7 x 8 = 56"",""7 times 8 = 56"",""7 times 8 equals 56"",""seven times eight equals fifty-six""],""caseSensitive"":false,""hint"":""Think of 7 equal groups of 8.""}}",global,Text
27cb3826-e07e-42b5-82dc-e2466798d419,fitb,"A jug holds 1 liter, and a bottle holds 500 mL. Compared with the bottle, the jug can hold ____.",Maths,2,Measurement Operations,Weight & Capacity,Students can measure and compare capacity using litres and millilitres,easy,"1 liter equals 1,000 mL. Since 1,000 mL is greater than 500 mL, the jug can hold more than the bottle.","{""payload"":{""answer"":""more"",""acceptableAnswers"":[""more"",""more liquid"",""a greater amount"",""a larger amount"",""a greater quantity""],""caseSensitive"":false,""hint"":null}}",US,Text
922eb665-48e0-426f-acd3-1f1a09e5ab3a,fitb,Count forward by 5s starting at 25. The next number is ____.,Maths,2,Number Sense to 1000,Skip Counting,"Students can skip count by 2s, 5s, 10s, and 100s within 1000",easy,"Counting by 5s means adding 5 each time. Starting at 25, 25 + 5 = 30, so the next number is 30.","{""payload"":{""answer"":""30"",""acceptableAnswers"":[""30"",""thirty""],""caseSensitive"":false,""hint"":""Add 5 to 25.""}}",global,Text
18179a8a-3fd3-4d11-b5c7-cccdbe83d5e5,fitb,A key costs 47 cents. You have 50 cents. You have ____ money.,Maths,2,Money Operations,Simple Transactions,Students can determine if an amount is enough to buy an item,medium,"50 cents is 3 cents more than 47 cents, so you have enough money to buy the key.","{""payload"":{""answer"":""enough"",""acceptableAnswers"":[""enough"",""enough money"",""more than enough"",""more than enough money""],""caseSensitive"":false,""hint"":null}}",Australia,Text
6dde01e8-9bf3-4d46-bee3-7bff19dc7dfe,fitb,Bedtime is 8:00 pm. One hour before bedtime is ____.,Maths,2,Time & Clocks,Elapsed Time,Students can add or subtract time in simple real-life scenarios,easy,Subtract 1 hour from 8:00 pm: 8:00 pm − 1 hour = 7:00 pm.,"{""payload"":{""answer"":""7:00 pm"",""acceptableAnswers"":[""7:00 pm"",""7:00"",""7 pm"",""7:00 p.m."",""seven pm""],""caseSensitive"":false,""hint"":null}}",global,Alphanumeric
3052352f-4f26-4202-aa20-2a8e4b2e3fed,fitb,Compare 8 and 5. Write the correct comparison sign in the blank: 8 ____ 5.,Maths,2,Comparing & Ordering Numbers,Using Symbols,Students can use > < and = to compare pairs of numbers,easy,"8 is greater than 5, so the correct comparison sign is >.","{""payload"":{""answer"":"">"",""acceptableAnswers"":["">""],""caseSensitive"":false,""hint"":""8 is greater than 5, so the correct comparison sign is >.""}}",global,Alphanumeric
1b58f773-3de3-4611-9acd-f896d2f16277,fitb,Fill in the blank: The number 73 is ____ (odd or even).,Maths,2,Number Sense to 1000,Odd & Even,Students can identify odd and even numbers,easy,"The number 73 is odd because its last digit is 3. Numbers ending in 1, 3, 5, 7, or 9 are odd.","{""payload"":{""answer"":""odd"",""acceptableAnswers"":[""odd"",""an odd number"",""odd number"",""73 is odd"",""73 is an odd number""],""caseSensitive"":false,""hint"":""Look at the last digit of 73. A number ending in 1, 3, 5, 7, or 9 is odd.""}}",global,Alphanumeric
b46181c9-287d-45ff-8538-9c510e802d6c,fitb,A space tour starts at 2:00 and lasts 3 hours. It ends at ____.,Maths,2,Time & Clocks,Elapsed Time,Students can add or subtract time in simple real-life scenarios,medium,"The tour starts at 2:00. Counting forward 3 hours gives 3:00, 4:00, then 5:00, so it ends at 5:00.","{""payload"":{""answer"":""5:00"",""acceptableAnswers"":[""5:00"",""5"",""five"",""5 o'clock"",""five o'clock""],""caseSensitive"":false,""hint"":null}}",global,Alphanumeric
14af99ee-25b2-4e37-979f-524fd4687de1,fitb,"Use <, >, or = to write the comparison with 6 first and 9 second: ____",Maths,2,Comparing & Ordering Numbers,Using Symbols,Students can use > < and = to compare pairs of numbers,easy,"6 is less than 9, so the less-than symbol goes between them: 6 < 9.","{""payload"":{""answer"":""6 < 9"",""acceptableAnswers"":[""6 < 9"",""6<9"",""six < nine"",""6 < nine"",""six < 9""],""caseSensitive"":false,""hint"":""Compare the two numbers and choose the symbol that means “less than”.""}}",global,Alphanumeric
7dd19d86-5d2b-4d5a-8383-bf3aa604169e,fitb,"An analogue clock shows half past 4. On a digital clock, it is ____.",Maths,2,Time & Clocks,Reading Time,Students can convert between analogue and digital time,medium,"Half past 4 means 30 minutes after 4, so the digital time is 4:30. A leading zero or a dot separator may also be used when writing the same digital time.","{""payload"":{""answer"":""4:30"",""acceptableAnswers"":[""4:30"",""04:30"",""4.30"",""04.30"",""four thirty""],""caseSensitive"":false,""hint"":null}}",global,Alphanumeric
180ac1d4-54a1-41ed-acce-ad8d0443806a,fitb,Compare 67 with 6 tens and 9 ones. Write the correct comparison symbol in the blank: 67 ____ 6 tens and 9 ones.,Maths,2,Comparing & Ordering Numbers,Using Symbols,Students can use > < and = to compare pairs of numbers,hard,"6 tens and 9 ones is 69. Since 67 is less than 69, the correct comparison symbol is <.","{""payload"":{""answer"":""<"",""acceptableAnswers"":[""<""],""caseSensitive"":false,""hint"":""What number is 6 tens and 9 ones?""}}",global,Alphanumeric
84b19764-44a7-4395-9900-a5d2db7c53e5,fitb,An analogue clock shows quarter past 6. Write the time in 12-hour digital form: ____,Maths,2,Time & Clocks,Reading Time,Students can convert between analogue and digital time,easy,"Quarter past means 15 minutes after the hour. Fifteen minutes after 6 is 6:15, so the 12-hour digital time is 6:15.","{""payload"":{""answer"":""6:15"",""acceptableAnswers"":[""6:15"",""06:15""],""caseSensitive"":false,""hint"":null}}",global,Alphanumeric
396925ff-df39-4490-88bf-a62a6591ecce,fitb,Explain the comparison using place value: 347 < 374 because ____,Maths,2,Comparing & Ordering Numbers,Using Symbols,Students can explain their comparisons using place value reasoning,hard,"Both numbers have 3 hundreds, so compare their tens. The 4 tens in 347 are less than the 7 tens in 374. Therefore, 347 is less than 374, so the symbol '<' is correct.","{""payload"":{""answer"":""4 tens are less than 7 tens"",""acceptableAnswers"":[""4 tens are less than 7 tens"",""4 tens is less than 7 tens"",""4 tens < 7 tens"",""4 < 7 in the tens place"",""347 has 4 tens and 374 has 7 tens""],""caseSensitive"":false,""hint"":""The hundreds are equal, so compare the tens digits.""}}",global,Alphanumeric
11032f0d-6b0d-4ba5-a071-8475555ca9f4,fitb,Write the time “quarter past 1” in digital form: ____.,Maths,2,Time & Clocks,Reading Time,Students can convert between analogue and digital time,easy,"Quarter past means 15 minutes after the hour, so quarter past 1 is 1:15.","{""payload"":{""answer"":""1:15"",""acceptableAnswers"":[""1:15"",""01:15""],""caseSensitive"":false,""hint"":null}}",global,Alphanumeric
6344fe7d-276a-433f-92e6-b64abea24f6b,fitb,"Compare 73 and 37. In the blank, write a true comparison with 73 first, using >, <, or =, and explain your choice using tens: ____",Maths,2,Comparing & Ordering Numbers,Using Symbols,Students can explain their comparisons using place value reasoning,easy,"The response must use 73 first and 37 second. 73 has 7 tens, while 37 has 3 tens. Since 7 tens is greater than 3 tens, 73 is greater than 37, so the correct symbol is >.","{""payload"":{""answer"":""73 > 37 because 73 has 7 tens and 37 has 3 tens"",""acceptableAnswers"":[""73 > 37 because 73 has 7 tens and 37 has 3 tens"",""73 > 37 because 7 tens is greater than 3 tens"",""73 > 37 because 7 tens is more than 3 tens"",""73 > 37; 73 has 7 tens and 37 has 3 tens"",""73 > 37. 73 has 7 tens, and 37 has 3 tens.""],""caseSensitive"":false,""hint"":""Compare the tens digits first. The number with more tens is greater.""}}",global,Alphanumeric
3017813f-37d5-47e0-ae5b-5e88bafd9308,fitb,A puppy's nap started at 2:00 and ended at 3:00. How much time passed? ____,Maths,2,Time & Clocks,Elapsed Time,Students can calculate how much time has passed between two events,easy,"From 2:00 to 3:00, one whole hour passed.","{""payload"":{""answer"":""1 hour"",""acceptableAnswers"":[""1 hour"",""one hour"",""1 hr"",""60 minutes"",""sixty minutes""],""caseSensitive"":false,""hint"":""Count the time from 2:00 to 3:00. The time advances by one whole hour.""}}",global,Alphanumeric
79f87d74-2738-4bc4-8abf-95e596c8143d,fitb,"Compare 58 and 61 using <, >, or =. Write the correct symbol: 58 ____ 61.",Maths,2,Comparing & Ordering Numbers,Using Symbols,Students can explain their comparisons using place value reasoning,easy,"58 has 5 tens, while 61 has 6 tens. Because 5 tens is less than 6 tens, 58 is less than 61, so use the < symbol.","{""payload"":{""answer"":""<"",""acceptableAnswers"":[""<"",""less-than sign"",""the less-than sign"",""less-than symbol"",""the less-than symbol""],""caseSensitive"":false,""hint"":""Compare the tens digits first.""}}",global,Alphanumeric
67577580-1f14-43c1-b084-9720fc35dcfc,fitb,Class starts at 9:00 and lunch is 2 hours later. Lunch is at ____.,Maths,2,Time & Clocks,Elapsed Time,Students can add or subtract time in simple real-life scenarios,hard,"Add 2 hours by moving forward from 9:00: 9:00 to 10:00, then to 11:00.","{""payload"":{""answer"":""11:00"",""acceptableAnswers"":[""11:00"",""11:00 am"",""11:00 a.m."",""11 am"",""eleven o'clock""],""caseSensitive"":false,""hint"":null}}",global,Alphanumeric
845c599f-8363-4de3-9064-3b3645c84512,fitb,"Use >, <, or = to complete the comparison: 71 ____ 69",Maths,2,Comparing & Ordering Numbers,Using Symbols,Students can use > < and = to compare pairs of numbers,medium,"71 is greater than 69, so the correct comparison symbol is >.","{""payload"":{""answer"":"">"",""acceptableAnswers"":["">""],""caseSensitive"":false,""hint"":null}}",global,Alphanumeric
eaf6e95c-f0e3-4848-967a-38a95d835b1d,fitb,An analogue clock shows 9 o'clock. The digital time is ____,Maths,2,Time & Clocks,Reading Time,Students can convert between analogue and digital time,easy,"A clock showing 9 o'clock has 9 hours and 0 minutes, so the digital time is 9:00.","{""payload"":{""answer"":""9:00"",""acceptableAnswers"":[""9:00"",""09:00""],""caseSensitive"":false,""hint"":null}}",global,Alphanumeric
0739d6f9-e9d8-41ed-8eb2-99f112b025b5,fitb,$2.00 and 45 cents make ____ cents altogether.,Maths,3,Money & Problem Solving,Counting & Converting Money,Students can convert between pence and pounds or cents and dollars,medium,Convert $2.00 to cents: 2 dollars = 200 cents. Then add 45 cents: 200 cents + 45 cents = 245 cents.,"{""payload"":{""answer"":""245"",""acceptableAnswers"":[""245"",""245 cents"",""245c"",""two hundred and forty-five"",""two hundred and forty-five cents""],""caseSensitive"":false,""hint"":""Change $2.00 to cents.""}}",Australia,Number
3437ca2a-3fa0-48f6-b4d3-18b46d12d29c,fitb,"Each section of a bar represents 2 animals. The lion bar has 5 sections, and the zebra bar has 3 sections. How many more animals does the lion bar represent than the zebra bar? ____",Maths,3,Data & Scaled Graphs,Scaled Bar Graphs,Students can answer questions and draw conclusions from a bar graph,medium,The lion bar represents 5 × 2 = 10 animals. The zebra bar represents 3 × 2 = 6 animals. The difference is 10 − 6 = 4 animals.,"{""payload"":{""answer"":""4"",""acceptableAnswers"":[""4"",""four"",""4 animals"",""four animals"",""4.00""],""caseSensitive"":false,""hint"":""Find each total first.""}}",global,Number
33455d7e-a0a0-46cc-95d2-489b2962f81e,fitb,"A town festival prepared 7,412 snacks. Visitors ate 3,101 snacks. ____ snacks were left.",Maths,3,Addition & Subtraction,Subtracting 4-Digit Numbers,Students can solve contextual subtraction problems,easy,"Subtract the snacks eaten from the snacks prepared: 7,412 − 3,101 = 4,311. Therefore, 4,311 snacks were left.","{""payload"":{""answer"":""4311"",""acceptableAnswers"":[""4311"",""4,311"",""four thousand three hundred eleven"",""four thousand three hundred and eleven""],""caseSensitive"":false,""hint"":null}}",global,Number
92efdc44-d682-411d-bf2b-c99146d1729c,fitb,"7,349 rounds to 7,350 to the nearest 10 and to ____ to the nearest 100.",Maths,3,"Numbers to 10,000",Rounding,"Students can round numbers to the nearest 10, 100, and 1000",hard,"To round 7,349 to the nearest 100, look at the last two digits: 49. Since 49 is less than 50, round down to 7,300.","{""payload"":{""answer"":""7,300"",""acceptableAnswers"":[""7300"",""7,300"",""seven thousand three hundred"",""7300.00"",""7,300.00""],""caseSensitive"":false,""hint"":""Use the tens digit to round to the nearest hundred.""}}",global,Number
a227d757-84cb-4162-80f4-9e5d39f96700,fitb,The number 24 is in the ____ times table. The next multiple in that table is 30.,Maths,3,Patterns & Sequences,Patterns in Multiplication,Students can identify patterns in multiplication tables,medium,"The difference between 30 and 24 is 6. Multiples in the 6 times table increase by 6, so 24 and 30 are consecutive multiples in that table.","{""payload"":{""answer"":""6"",""acceptableAnswers"":[""6"",""six""],""caseSensitive"":false,""hint"":""Find the difference between 30 and 24.""}}",global,Number
5380193b-d265-474e-a1d9-5a55532858a5,fitb,"What number comes next in the pattern? 9, 12, 15, 18, ____.",Maths,3,Logical Reasoning,Number Patterns,Students can identify arithmetic and geometric patterns in number sequences,medium,"The pattern increases by 3 each time: 9 + 3 = 12, 12 + 3 = 15, and 15 + 3 = 18. Therefore, 18 + 3 = 21.","{""payload"":{""answer"":""21"",""acceptableAnswers"":[""21"",""twenty-one"",""twenty one""],""caseSensitive"":false,""hint"":null}}",global,Number
f3bc9cf8-492b-4494-b172-7e2aff4f0a59,fitb,How many toy cars are there altogether in 3 equal groups of 4 toy cars? ____,Maths,3,Multiplication & Division,Multiplication Facts,Students can apply multiplication to solve equal-groups problems,easy,"There are 4 toy cars in each of 3 equal groups, so multiply 3 by 4: 3 × 4 = 12. Therefore, there are 12 toy cars altogether.","{""payload"":{""answer"":""12"",""acceptableAnswers"":[""12"",""twelve"",""12 toy cars"",""twelve toy cars""],""caseSensitive"":false,""hint"":""Multiply the number of groups by the number of toy cars in each group: 3 × 4 = 12.""}}",global,Number
5d4414e8-689b-414b-b401-f2cd1853ae93,fitb,A picnic starts at 12:35 pm and ends at 2:00 pm. The picnic lasts ____ minutes.,Maths,3,Time & Elapsed Time,Elapsed Time,"Students can solve word problems involving start time, end time, and duration",medium,From 12:35 pm to 1:35 pm is 60 minutes. From 1:35 pm to 2:00 pm is 25 minutes. The total elapsed time is 85 minutes.,"{""payload"":{""answer"":""85"",""acceptableAnswers"":[""85"",""85 minutes"",""eighty-five"",""eighty-five minutes"",""85 min""],""caseSensitive"":false,""hint"":null}}",global,Number
25d76113-26d4-42d5-89aa-0f07f643ae0b,fitb,"A fair coin is flipped 8 times. Before flipping it, how many heads would you expect? ____",Maths,3,Introduction to Probability,Simple Experiments,Students can predict outcomes before an experiment and compare with results,medium,"A fair coin has equal chances of landing on heads or tails. Half of 8 is 4, so a reasonable prediction is 4 heads.","{""payload"":{""answer"":""4"",""acceptableAnswers"":[""4"",""four"",""4 heads"",""four heads""],""caseSensitive"":false,""hint"":null}}",global,Number
06b1fe8b-cb83-4db4-9ea0-717a980cbf5e,fitb,"Using base 100, 112 × 97 = ____.",Maths,3,Vedic Mathematics,Multiplication Techniques,Students can multiply numbers near 100 using the Vedic base method,medium,"112 is 12 more than 100, and 97 is 3 less than 100. Cross-adjust: 112 − 3 = 109. Multiply the differences: 12 × (−3) = −36. Write this as 109 | −36. Borrow 1 base unit from 109, giving 108 | (100 − 36) = 108 | 64. Therefore, 112 × 97 = 10,864.","{""payload"":{""answer"":""10864"",""acceptableAnswers"":[""10864"",""10,864"",""ten thousand eight hundred sixty-four"",""ten thousand eight hundred and sixty-four"",""ten thousand eight hundred sixty four""],""caseSensitive"":false,""hint"":""One number is above 100 and one is below 100, so the last part becomes negative first.""}}",global,Number
63ad9a2d-1e8e-40bb-8471-fa364f34faa6,fitb,"To write an equivalent fraction to 1/3 with denominator 6, both the numerator and denominator of 1/3 must be multiplied by ____.",Maths,3,Introduction to Fractions,Equivalent Fractions,Students can explain why two fractions are equivalent,hard,"The denominator 3 must be multiplied by 2 to make 6. Multiplying the numerator 1 by the same number gives 2, so 1/3 becomes 2/6. Multiplying both the numerator and denominator by the same number keeps the fraction equivalent.","{""payload"":{""answer"":""2"",""acceptableAnswers"":[""2"",""two"",""a factor of 2"",""a factor of two""],""caseSensitive"":false,""hint"":null}}",global,Number
79c4b8d1-b37b-4571-b081-f2d68cd8920c,fitb,"What is the total value of 2 × $1, 2 × 20 cents, and 1 × 10 cents? $____.",Maths,3,Money & Problem Solving,Counting & Converting Money,Students can count mixed coins and notes to find a total,easy,"First, 2 × $1 = $2 and 2 × 20 cents = 40 cents. Adding 10 cents gives 50 cents, so the total is $2.50.","{""payload"":{""answer"":""2.50"",""acceptableAnswers"":[""2.50"",""$2.50"",""2.5"",""$2.5"",""two dollars and fifty cents""],""caseSensitive"":false,""hint"":null}}",Ontario,Number
d7bdf2e2-b925-465d-9df4-4a472fca55f1,fitb,"In a scaled pictograph, one zebra symbol represents 5 animals. One row contains 5 zebra symbols. How many animals does the row represent? ____",Maths,3,Data & Scaled Graphs,Scaled Pictographs,Students can read and interpret a scaled pictograph where each symbol represents more than one,medium,"One zebra symbol represents 5 animals, and the row contains 5 symbols. Multiply 5 by 5: 5 × 5 = 25. Therefore, the row represents 25 animals.","{""payload"":{""answer"":""25"",""acceptableAnswers"":[""25"",""twenty-five"",""twenty five"",""25 animals"",""twenty-five animals"",""twenty five animals""],""caseSensitive"":false,""hint"":""Multiply the number of symbols by the number of animals each symbol represents.""}}",global,Number
452b0011-4650-4834-b9a6-d6207ba834aa,fitb,Which fraction is greater: 3/4 or 3/8? The greater fraction is ____.,Maths,3,Introduction to Fractions,Comparing Fractions,Students can compare fractions with the same numerator,easy,"Both fractions have the same numerator, 3. When fractions have the same numerator, the one with the smaller denominator is greater because it has larger parts. Since 4 is smaller than 8, 3/4 is greater than 3/8.","{""payload"":{""answer"":""3/4"",""acceptableAnswers"":[""3/4"",""three-fourths"",""three fourths"",""three-quarters"",""three quarters"",""3 over 4""],""caseSensitive"":false,""hint"":null}}",global,Fraction
a4eb02d8-fca4-4929-8b05-53b642c60ea2,fitb,A pizza is cut into 4 equal slices. What fraction of the whole pizza is one slice? ____,Maths,3,Introduction to Fractions,Understanding Fractions,Students can identify fractions as equal parts of a whole,easy,"The pizza has 4 equal parts altogether, and the question describes 1 of those parts. So the fraction is 1/4: 1 is the numerator, or the number of parts described, and 4 is the denominator, or the total number of equal parts.","{""payload"":{""answer"":""1/4"",""acceptableAnswers"":[""1/4"",""one fourth"",""one-fourth"",""one quarter"",""1 quarter"",""1 out of 4""],""caseSensitive"":false,""hint"":""The denominator tells you the total number of equal slices. The numerator tells you how many slices are being described.""}}",global,Fraction
dbab422c-2a4c-4245-9897-e15a69618d5a,fitb,"Two identical shapes represent the same whole. The first shape is divided into 2 equal parts, and 1 part is shaded. The second shape is divided into 4 equal parts and has the same amount shaded. What fraction of the second shape is shaded? 1/2 = ____.",Maths,3,Introduction to Fractions,Equivalent Fractions,Students can identify equivalent fractions using visual models,easy,"The second shape has 4 equal parts and the same shaded amount as 1 of 2 equal parts. Half of 4 is 2, so 2 of the 4 parts are shaded. Therefore, 1/2 = 2/4.","{""payload"":{""answer"":""2/4"",""acceptableAnswers"":[""2/4"",""two-fourths"",""two fourths"",""2 over 4"",""two over four""],""caseSensitive"":false,""hint"":null}}",global,Fraction
d80b81df-9f6f-44d8-80d1-005be58cc68c,fitb,"Complete the order from least to greatest. The missing fraction must have denominator 11: 3/11, ____, 5/11.",Maths,3,Introduction to Fractions,Comparing Fractions,Students can order simple fractions from least to greatest,easy,"All the fractions have denominator 11, so compare their numerators. The whole number between 3 and 5 is 4, so the missing fraction is 4/11.","{""payload"":{""answer"":""4/11"",""acceptableAnswers"":[""4/11"",""4 / 11"",""four elevenths"",""4 over 11"",""four over eleven""],""caseSensitive"":false,""hint"":null}}",global,Fraction
a462a8b4-3b70-4834-8094-519e4b5824bb,fitb,"A shape divided into two equal parts, with one part shaded, represents ____.",Maths,3,Introduction to Fractions,Understanding Fractions,Students can represent fractions using diagrams and on a number line,easy,"The whole is divided into 2 equal parts, and 1 part is shaded, so the fraction is 1/2, or one-half.","{""payload"":{""answer"":""1/2"",""acceptableAnswers"":[""1/2"",""one-half"",""one half"",""half"",""a half""],""caseSensitive"":false,""hint"":null}}",global,Fraction
d742bc3e-f252-4d01-8213-338cea11d007,fitb,"Two fractions have numerator 7. One has denominator 8, and the other has denominator 12. The greater fraction is ____.",Maths,3,Introduction to Fractions,Comparing Fractions,Students can compare fractions with the same numerator,medium,"Both fractions have numerator 7. When fractions have the same numerator, the one with the smaller denominator is greater. Since 8 is less than 12, the greater fraction is 7/8.","{""payload"":{""answer"":""7/8"",""acceptableAnswers"":[""7/8"",""seven eighths"",""7 over 8"",""seven over eight"",""seven-eighths""],""caseSensitive"":false,""hint"":null}}",global,Fraction
c97cbd80-ca24-444f-8e67-d9d86684d209,fitb,Compare 1/6 and 5/6. The greater fraction is ____.,Maths,3,Introduction to Fractions,Comparing Fractions,Students can compare two fractions with the same denominator,easy,"Both fractions have the same denominator, 6, so compare their numerators. Since 5 is greater than 1, 5/6 is the greater fraction.","{""payload"":{""answer"":""5/6"",""acceptableAnswers"":[""5/6"",""five sixths"",""five-sixths"",""5 over 6"",""five over six""],""caseSensitive"":false,""hint"":null}}",global,Fraction
c29f0b8d-b2d6-4ba3-9ee9-580acfda2d22,fitb,"Which of these fractions is smallest: 4/6, 4/10, or 4/8? ____",Maths,3,Introduction to Fractions,Comparing Fractions,Students can compare fractions with the same numerator,medium,"When fractions have the same numerator, the fraction with the larger denominator is smaller. The largest denominator is 10, so 4/10 is the smallest fraction.","{""payload"":{""answer"":""4/10"",""acceptableAnswers"":[""4/10"",""four tenths"",""4 tenths"",""4 over 10"",""four over ten""],""caseSensitive"":false,""hint"":null}}",global,Fraction
8ef39f36-41d7-42df-bb81-2308fd090f37,fitb,"A bar shows 5 equal parts and 1 part is not shaded, so the shaded fraction is ____.",Maths,3,Introduction to Fractions,Understanding Fractions,Students can represent fractions using diagrams and on a number line,medium,"There are 5 equal parts altogether, so 5 is the denominator. If 1 part is not shaded, 4 parts are shaded, so the shaded fraction is 4/5.","{""payload"":{""answer"":""4/5"",""acceptableAnswers"":[""4/5"",""four-fifths"",""four fifths"",""4 fifths"",""4 out of 5""],""caseSensitive"":false,""hint"":""First find how many parts are shaded.""}}",global,Fraction
af61d190-f821-4e5e-9342-25033647418a,fitb,One of four equal parts of a whole is selected. Write the fraction that represents the selected part: ____.,Maths,3,Introduction to Fractions,Understanding Fractions,Students can name fractions using numerator and denominator,medium,"The numerator tells how many equal parts are selected, and the denominator tells how many equal parts make the whole. One selected part out of four equal parts is written as 1/4.","{""payload"":{""answer"":""1/4"",""acceptableAnswers"":[""1/4"",""one-fourth"",""one fourth"",""one-quarter"",""one quarter""],""caseSensitive"":false,""hint"":""Think about the selected parts and the total number of equal parts.""}}",global,Fraction
f3789d84-0536-4d77-8dc5-699d9a0ee037,fitb,"Which fraction is bigger, 2/3 or 2/5? ____",Maths,3,Introduction to Fractions,Comparing Fractions,Students can compare fractions with the same numerator,easy,"The numerators are both 2. When fractions have the same numerator, the fraction with the smaller denominator is bigger. Since 3 is smaller than 5, 2/3 is bigger than 2/5.","{""payload"":{""answer"":""2/3"",""acceptableAnswers"":[""2/3"",""⅔"",""two-thirds"",""two thirds"",""two over three""],""caseSensitive"":false,""hint"":""The numerators are the same. Compare the denominators: with the same numerator, the smaller denominator makes the bigger fraction.""}}",global,Fraction
857a0c07-95e6-4e93-aef2-b6fafbbdce66,fitb,"On a number line from 0 to 1 divided into 4 equal parts, the second mark after 0 is ____.",Maths,3,Introduction to Fractions,Understanding Fractions,Students can represent fractions using diagrams and on a number line,easy,"The interval from 0 to 1 is divided into 4 equal steps, so each step is 1/4. The second step is 2/4, which is equivalent to 1/2.","{""payload"":{""answer"":""2/4"",""acceptableAnswers"":[""2/4"",""two-fourths"",""two fourths"",""1/2"",""one-half"",""one half""],""caseSensitive"":false,""hint"":""Count the equal jumps from 0 to 1.""}}",global,Fraction
50ad52d6-cafc-499e-88ab-533f37573c76,fitb,One banana crate has 6 of 11 equal sections filled. Another banana crate has 6 of 9 equal sections filled. The fraction of the less full crate that is filled is ____.,Maths,3,Introduction to Fractions,Comparing Fractions,Students can compare fractions with the same numerator,hard,"Both crates have 6 filled sections. When the numerators are the same, the fraction with more equal parts has smaller parts. Since 11 is greater than 9, 6 of 11 is less than 6 of 9, so the fraction is 6/11.","{""payload"":{""answer"":""6/11"",""acceptableAnswers"":[""6/11"",""six elevenths"",""6 over 11"",""six over eleven"",""6 of 11""],""caseSensitive"":false,""hint"":""More equal parts means each part is smaller.""}}",global,Fraction
bc145910-dbb3-48df-9d17-be286476f17b,fitb,"Use the fact family for 5, 7, and 35. Write the related division equation for dividing 35 by 7: ____.",Maths,3,Multiplication & Division,Division Facts,Students can relate division to multiplication and use fact families,easy,The multiplication fact 5 × 7 = 35 gives the related division fact 35 ÷ 7 = 5.,"{""payload"":{""answer"":""35 ÷ 7 = 5"",""acceptableAnswers"":[""35 ÷ 7 = 5"",""35 / 7 = 5"",""35 divided by 7 = 5"",""thirty-five divided by seven equals five"",""35 divided by 7 is 5""],""caseSensitive"":false,""hint"":""Use 5 × 7 = 35 to find the related division fact.""}}",global,Text
b985dfb0-e38e-4c35-a8f3-6bd187e44c7c,fitb,"A box has 4 red blocks and 4 blue blocks. If one block is picked at random, a red block is ____ likely to be picked as a blue block.",Maths,3,Introduction to Probability,Likelihood & Chance,Students can compare the likelihood of two events occurring,easy,"There are the same number of red and blue blocks, so each color has the same chance of being picked. Therefore, a red block is as likely to be picked as a blue block.","{""payload"":{""answer"":""as"",""acceptableAnswers"":[""as"",""just as"",""exactly as"",""equally""],""caseSensitive"":false,""hint"":""The same number of each color means the same chance.""}}",global,Text
ca4998d6-fd3d-4bd5-9c72-2b0a50242fe4,fitb,"A student calculated 8,463 + 1,512 as 9,885. Round each addend to the nearest thousand. Is the student's answer reasonable? Write yes or no: ____",Maths,3,Addition & Subtraction,Adding 4-Digit Numbers,Students can estimate sums and check reasonableness,hard,"8,463 rounds to 8,000 and 1,512 rounds to 2,000, giving an estimated sum of 10,000. Since 9,885 is close to 10,000, the student's answer is reasonable.","{""payload"":{""answer"":""yes"",""acceptableAnswers"":[""yes"",""yes, it is reasonable"",""yes, the answer is reasonable"",""the student's answer is reasonable""],""caseSensitive"":false,""hint"":null}}",global,Text
b2a71c04-dac7-4961-9573-a27fac986ad8,fitb,A shuttle tour began at 2:25 pm and ended at 4:10 pm. The tour lasted ____.,Maths,3,Time & Elapsed Time,Elapsed Time,Students can calculate elapsed time in hours and minutes,medium,"From 2:25 pm to 3:25 pm is 1 hour. From 3:25 pm to 4:10 pm is 45 minutes. Therefore, the total elapsed time is 1 hour and 45 minutes.","{""payload"":{""answer"":""1 hour 45 minutes"",""acceptableAnswers"":[""1 hour 45 minutes"",""1 hour and 45 minutes"",""1 hr 45 min"",""1 hr 45 mins"",""1 h 45 m""],""caseSensitive"":false,""hint"":null}}",global,Text
3d375b86-f61f-468e-83d5-afd8e0e6a7fe,fitb,"One rectangle is divided into 9 equal parts, and 3 parts are shaded. A second rectangle of the same size is divided into 3 equal parts, and 1 part is shaded. The fractions represented are 3/9 and 1/3. These fractions are ____.",Maths,3,Introduction to Fractions,Equivalent Fractions,Students can identify equivalent fractions using visual models,medium,"Dividing the numerator and denominator of 3/9 by 3 gives 1/3. Therefore, both models represent the same amount, so the fractions are equivalent.","{""payload"":{""answer"":""equivalent"",""acceptableAnswers"":[""equivalent"",""equivalent fractions"",""equal"",""equal fractions"",""the same""],""caseSensitive"":false,""hint"":""Can 3/9 be simplified by dividing the numerator and denominator by the same number?""}}",global,Text
b542d0df-6955-4751-ae78-80a37baa4a08,fitb,"Write the expanded form of 3,482 in the blank: ____",Maths,3,"Numbers to 10,000","Place Value to 10,000","Students can write 4-digit numbers in standard, expanded, and word form",easy,"In 3,482, the 3 is worth 3,000, the 4 is worth 400, the 8 is worth 80, and the 2 is worth 2. Therefore, its expanded form is 3,000 + 400 + 80 + 2.","{""payload"":{""answer"":""3,000 + 400 + 80 + 2"",""acceptableAnswers"":[""3,000 + 400 + 80 + 2"",""3000 + 400 + 80 + 2"",""3000+400+80+2"",""three thousand plus four hundred plus eighty plus two"",""3 thousand + 4 hundred + 80 + 2""],""caseSensitive"":false,""hint"":""Use the value of each digit in the thousands, hundreds, tens, and ones places.""}}",global,Text
27302edd-36a9-4130-b3c3-b4df3eb00419,fitb,"There are two toy boxes. Box A has 2 balls and 3 blocks. Box B has 1 ball and 4 teddy bears. Which box has more toys: Box A, Box B, or neither? ____",Maths,3,Logical Reasoning,Puzzles & Deduction,Students can use clues to solve simple logic puzzles,hard,"Box A has 2 + 3 = 5 toys. Box B has 1 + 4 = 5 toys. The boxes have the same number of toys, so neither box has more.","{""payload"":{""answer"":""neither"",""acceptableAnswers"":[""neither"",""neither box"",""neither one"",""neither of them"",""no box""],""caseSensitive"":false,""hint"":""Count the total toys in each box.""}}",global,Text
262e50bb-f4bf-4c83-97b7-cd360186a155,fitb,"The sequence 32, 28, 24, 20, 16 follows the rule: ____ each time.",Maths,3,Patterns & Sequences,Arithmetic Sequences,Students can describe the rule for a sequence using addition or subtraction,medium,"Each term is 4 less than the term before it. For example, 32 − 4 = 28 and 28 − 4 = 24, so the rule is to subtract 4 each time.","{""payload"":{""answer"":""subtract 4"",""acceptableAnswers"":[""subtract 4"",""subtract four"",""take away 4"",""take away four"",""minus 4"",""minus four""],""caseSensitive"":false,""hint"":""Compare two numbers next to each other. How much is taken away each time?""}}",global,Text
9037f234-b7dc-4e14-8b4c-8ec37335ff45,fitb,"Four bars have heights of 12, 20, 16, and 8 units, from left to right. Which bar has the fewest units? ____",Maths,3,Data & Scaled Graphs,Scaled Bar Graphs,Students can answer questions and draw conclusions from a bar graph,medium,"The fourth bar has 8 units. Since 8 is less than 12, 20, and 16, the fourth bar has the fewest units.","{""payload"":{""answer"":""fourth bar"",""acceptableAnswers"":[""fourth bar"",""the fourth bar"",""4th bar"",""bar 4"",""fourth"",""4th""],""caseSensitive"":false,""hint"":null}}",global,Text
d4112797-03eb-4535-942e-06455be9087a,fitb,Convert 500p to pounds. Complete the equation: 500p = £____.,Maths,3,Money & Problem Solving,Counting & Converting Money,Students can convert between pence and pounds or cents and dollars,easy,"There are 100p in £1. Since 500p ÷ 100 = 5, 500p = £5.","{""payload"":{""answer"":""5"",""acceptableAnswers"":[""5"",""five"",""5.0"",""5.00""],""caseSensitive"":false,""hint"":""Use the fact that 100p = £1.""}}",UK,Text
11082cd3-e40e-4d8d-8e6d-62c9bffe4f4c,fitb,Use the base-100 Vedic method to calculate 96 × 98. Write the product as a number: ____,Maths,3,Vedic Mathematics,Multiplication Techniques,Students can multiply numbers near 100 using the Vedic base method,easy,"With base 100, 96 is 4 below 100 and 98 is 2 below 100. Subtract one deficit from the other number: 96 − 2 = 94. Multiply the deficits: 4 × 2 = 8, written as 08 because the base is 100. Joining the parts gives 94|08, which is 9408.","{""payload"":{""answer"":""9408"",""acceptableAnswers"":[""9408"",""9,408"",""nine thousand four hundred eight"",""nine thousand four hundred and eight""],""caseSensitive"":false,""hint"":""Subtract a deficit from one number to get the first part, then multiply the two deficits for the last two digits.""}}",global,Text
4310839b-cdbb-45e2-aed2-b7cbc8eebc2c,fitb,Complete the multiplication fact: 9 × 3 = ____.,Maths,3,Multiplication & Division,Multiplication Facts,Students can recall multiplication facts up to 10 x 10,easy,"9 × 3 means 9 groups of 3. Adding 3 nine times gives 27, so 9 × 3 = 27.","{""payload"":{""answer"":""27"",""acceptableAnswers"":[""27"",""twenty-seven"",""twenty seven""],""caseSensitive"":false,""hint"":""Think of 9 equal groups with 3 in each group.""}}",global,Text
9b3c1315-bd80-4f4b-9083-d2bfb11c13f2,fitb,"A gem costs $4.60. If you pay with $5.00, your change is ____.",Maths,3,Money & Problem Solving,Money Problems,Students can solve one-step and two-step money word problems,medium,"Subtract $4.60 from $5.00: $5.00 − $4.60 = $0.40, which is 40 cents.","{""payload"":{""answer"":""$0.40"",""acceptableAnswers"":[""$0.40"",""40 cents"",""forty cents"",""40c"",""0.40""],""caseSensitive"":false,""hint"":""Take the cost away from $5.00.""}}",Australia,Alphanumeric
79e82700-9ccf-4f04-974d-754e1d8d6ccc,fitb,A library visit ended at 5:45 pm. It lasted 1 hour 15 minutes. It began at ____.,Maths,3,Time & Elapsed Time,Elapsed Time,"Students can solve word problems involving start time, end time, and duration",medium,"Count back 1 hour from 5:45 pm to 4:45 pm, then count back 15 minutes to 4:30 pm. Therefore, the visit began at 4:30 pm.","{""payload"":{""answer"":""4:30 pm"",""acceptableAnswers"":[""4:30 pm"",""4:30pm"",""4:30"",""4:30 p.m."",""4:30p.m.""],""caseSensitive"":false,""hint"":null}}",global,Alphanumeric
c4aaf7b7-dd98-4eb8-a016-3d316ff8fd0f,fitb,Complete the comparison: 4/10 ____ 4/3.,Maths,3,Introduction to Fractions,Comparing Fractions,Students can compare fractions with the same numerator,easy,"The numerators are both 4. When positive fractions have the same numerator, the fraction with the larger denominator is smaller. Since 10 is larger than 3, 4/10 is less than 4/3.","{""payload"":{""answer"":""<"",""acceptableAnswers"":[""<"",""less than"",""is less than"",""smaller than"",""is smaller than""],""caseSensitive"":false,""hint"":null}}",global,Alphanumeric
8377d88f-85be-47bf-b348-e400edf33e90,fitb,Each paw print stands for 5 puppies. There are 3 paw prints. How many puppies are there altogether? ____,Maths,3,Data & Scaled Graphs,Scaled Pictographs,Students can read and interpret a scaled pictograph where each symbol represents more than one,easy,"Each paw print represents 5 puppies, so 3 paw prints represent 3 × 5 = 15 puppies.","{""payload"":{""answer"":""15 puppies"",""acceptableAnswers"":[""15 puppies"",""15"",""fifteen puppies"",""fifteen""],""caseSensitive"":false,""hint"":""Multiply the number of paw prints by the number of puppies each paw print represents.""}}",global,Alphanumeric
87ec3e0c-f749-469a-af89-82b1c1af28c4,fitb,"Fourteen stickers are shared equally among 3 children. How many stickers does each child get, and how many stickers are left? ____",Maths,3,Multiplication & Division,Division Facts,Students can divide with remainders and interpret the remainder in context,easy,"14 stickers shared among 3 children gives 4 stickers to each child because 3 × 4 = 12. Since 14 − 12 = 2, 2 stickers are left.","{""payload"":{""answer"":""4 remainder 2"",""acceptableAnswers"":[""4 remainder 2"",""4 r 2"",""4 stickers each, 2 stickers left"",""4 each, 2 left"",""four stickers each, two stickers left""],""caseSensitive"":false,""hint"":""Think about how many groups of 3 fit into 14 and what is left over.""}}",global,Alphanumeric
61bced51-070a-4404-891c-cd74522fc1ba,fitb,Two books cost $7.20 altogether. One book costs $3.10. The other book costs ____.,Maths,3,Money & Problem Solving,Money Problems,Students can solve one-step and two-step money word problems,hard,"Subtract the cost of one book from the total: $7.20 − $3.10 = $4.10. Therefore, the other book costs $4.10.","{""payload"":{""answer"":""$4.10"",""acceptableAnswers"":[""$4.10"",""4.10"",""4 dollars 10 cents"",""4 dollars and 10 cents"",""four dollars 10 cents"",""four dollars and ten cents""],""caseSensitive"":false,""hint"":""Take the known price away from the total.""}}",Australia,Alphanumeric
6f91014e-b592-4cbc-8419-b57bcccb515e,fitb,Homework started at 6:20 pm and ended at 7:10 pm. Homework took ____.,Maths,3,Time & Elapsed Time,Elapsed Time,Students can calculate elapsed time in hours and minutes,easy,"From 6:20 pm to 7:00 pm is 40 minutes, then to 7:10 pm is 10 more minutes, so 50 minutes total.","{""payload"":{""answer"":""50 minutes"",""acceptableAnswers"":[""50 minutes"",""50 mins"",""50 min"",""fifty minutes"",""fifty mins""],""caseSensitive"":false,""hint"":""Count to 7:00 first.""}}",global,Alphanumeric
366b6e20-390b-45cc-9ca2-76152c621abc,fitb,Complete: 9/14 ____ 9/4.,Maths,3,Introduction to Fractions,Comparing Fractions,Students can compare fractions with the same numerator,easy,"Both fractions have the same numerator, 9. When positive fractions have the same numerator, the one with the larger denominator is smaller. Since 14 is greater than 4, 9/14 is less than 9/4.","{""payload"":{""answer"":""<"",""acceptableAnswers"":[""<"",""less than"",""is less than"",""smaller than"",""is smaller than""],""caseSensitive"":false,""hint"":null}}",global,Alphanumeric
ddeeb6b8-29ed-4461-a78b-47863257f5e7,fitb,"A data table records 15 puppies. In a scaled pictograph, 1 paw print represents 5 puppies. How many paw prints should you draw? ____",Maths,3,Data & Scaled Graphs,Scaled Pictographs,Students can draw a scaled pictograph from a data table,easy,"Each paw print represents 5 puppies. Divide 15 puppies by 5 puppies per paw print: 15 ÷ 5 = 3. Therefore, 3 paw prints are needed.","{""payload"":{""answer"":""3 paw prints"",""acceptableAnswers"":[""3 paw prints"",""3 paw print"",""3"",""three"",""three paw prints""],""caseSensitive"":false,""hint"":""Divide the number of puppies by the number represented by one paw print.""}}",global,Alphanumeric
f1f1da22-d823-413e-91a2-412646e3d18c,fitb,"A marker costs AED 1.95, a folder costs AED 2.80, and an eraser costs AED 0.75. If you pay AED 10.00 for all three items, you get ____ change.",Maths,3,Money & Problem Solving,Money Problems,Students can calculate change from a given amount,hard,First add the three costs: AED 1.95 + AED 2.80 + AED 0.75 = AED 5.50. Then subtract the total cost from the amount paid: AED 10.00 - AED 5.50 = AED 4.50. The change is AED 4.50.,"{""payload"":{""answer"":""AED 4.50"",""acceptableAnswers"":[""AED 4.50"",""4.50"",""4.50 AED"",""AED 4.5"",""4.5 AED""],""caseSensitive"":false,""hint"":""Add all three prices before finding the change.""}}",UAE,Alphanumeric
102375bd-2a2a-4db1-8079-e1b4080dd334,fitb,A baking class starts at 10:20 am and lasts 20 minutes. It ends at ____.,Maths,3,Time & Elapsed Time,Elapsed Time,"Students can solve word problems involving start time, end time, and duration",easy,Add 20 minutes to 10:20 am. The end time is 10:40 am.,"{""payload"":{""answer"":""10:40 am"",""acceptableAnswers"":[""10:40 am"",""10:40"",""10 40 am"",""10:40 a.m."",""10.40 am""],""caseSensitive"":false,""hint"":null}}",global,Alphanumeric
83fa2ed2-2185-4b99-84f8-9f85aac10c92,fitb,"On a number line from 0 to 1 divided into 3 equal parts, start at 0 and move one equal jump to the right. The fraction at your position is ____.",Maths,3,Introduction to Fractions,Understanding Fractions,Students can represent fractions using diagrams and on a number line,medium,"The distance from 0 to 1 is divided into 3 equal parts. One jump covers 1 of those 3 parts, so the position is 1/3.","{""payload"":{""answer"":""1/3"",""acceptableAnswers"":[""1/3"",""one-third"",""one third"",""1 over 3"",""one over three""],""caseSensitive"":false,""hint"":""The whole distance from 0 to 1 is split into 3 equal parts. One jump is one of those parts.""}}",global,Alphanumeric
778c7673-2aca-4b51-8a0d-cf66083313b2,fitb,"A museum gift shop has a budget of AED 40. A map costs AED 12, and a key chain costs AED 19. The money left is AED ____.",Maths,4,Financial Problem Solving,Budgeting Basics,Students can understand and apply the concept of a simple budget,medium,The two items cost AED 12 + AED 19 = AED 31. Subtract their total from AED 40: AED 40 - AED 31 = AED 9.,"{""payload"":{""answer"":""9"",""acceptableAnswers"":[""9"",""AED 9"",""9.00"",""nine"",""9 dirhams"",""AED 9.00"",""nine dirhams""],""caseSensitive"":false,""hint"":null}}",UAE,Number
fb98f0c5-2f15-4c2e-a861-a7afedb7b35e,fitb,"When y = 5, the expression 2y + 7 equals ____.",Maths,4,Variables & Expressions,Evaluating Expressions,Students can substitute a value for a variable and evaluate a simple expression,medium,Replace y with 5: 2 × 5 + 7 = 10 + 7 = 17.,"{""payload"":{""answer"":""17"",""acceptableAnswers"":[""17"",""seventeen""],""caseSensitive"":false,""hint"":""Work out 2 times 5 before adding 7.""}}",global,Number
35435db2-3737-421b-8dba-2eed7f6d2a41,fitb,A book fair has 18 tables with 24 books on each table. The books are shared equally among 9 classes. Each class gets ____ books.,Maths,4,Arithmetic Operations,Multiplication,Students can solve multi-step word problems involving multiplication,hard,First find the total number of books: 18 × 24 = 432. Then share them equally among 9 classes: 432 ÷ 9 = 48. Each class gets 48 books.,"{""payload"":{""answer"":""48"",""acceptableAnswers"":[""48"",""forty-eight"",""forty eight"",""48 books"",""forty-eight books"",""48.00""],""caseSensitive"":false,""hint"":null}}",global,Number
216ba92d-5b9d-4196-b9ff-9a44aef3cc62,fitb,"Using the base-1000 method, complete the product: 993 × 994 = 987____.",Maths,4,Vedic Mathematics,Advanced Multiplication,Students can apply the Vedic base method to multiply numbers near 1000,medium,"The deficits from 1000 are 7 and 6. Cross-subtracting gives 994 − 7 = 987. Then 7 × 6 = 42, which must be written as 042 to fill the three-digit right-hand part. Therefore, 993 × 994 = 987042.","{""payload"":{""answer"":""042"",""acceptableAnswers"":[""042""],""caseSensitive"":false,""hint"":""Find the product of the two deficits and write it in three digits.""}}",global,Number
8620223d-1c35-44a5-bfa2-4b1ea660c665,fitb,"One card shows 2, 6, 18, 54. Another shows 3, 6, 12, 24. The first card follows the rule: multiply by ____.",Maths,4,Logical Reasoning,Analytical Puzzles,Students can identify relationships and apply deductive reasoning,hard,"Each number after the first on the first card is 3 times the preceding number: 2 × 3 = 6, 6 × 3 = 18, and 18 × 3 = 54.","{""payload"":{""answer"":""3"",""acceptableAnswers"":[""3"",""three"",""3.0"",""3.00""],""caseSensitive"":false,""hint"":""Check the change from 2 to 6, then from 6 to 18.""}}",global,Number
50cf2739-a4ef-4cb9-9a77-d7ae601780da,fitb,"Write the missing decimal to continue the pattern. The numbers increase by 0.03 each time: 0.31, 0.34, ____, 0.40.",Maths,4,Introduction to Decimals,Comparing Decimals,Students can compare and order decimals to hundredths,medium,"Each number is 0.03 greater than the previous number: 0.31 + 0.03 = 0.34, 0.34 + 0.03 = 0.37, and 0.37 + 0.03 = 0.40. Therefore, the missing decimal is 0.37.","{""payload"":{""answer"":""0.37"",""acceptableAnswers"":[""0.37"","".37"",""0.370"","".370""],""caseSensitive"":false,""hint"":""Add 0.03 to 0.34 to find the next number in the pattern.""}}",global,Number
a548a5ae-940c-4fc3-9626-cbdc8c705a80,fitb,Banana sales were 22 on Wednesday and 19 on Thursday. What was the decrease in sales? ____,Maths,4,Data Display & Interpretation,Bar Charts & Line Graphs,Students can interpret data and identify trends in a line graph,easy,"Subtract Thursday's sales from Wednesday's sales: 22 - 19 = 3. Therefore, the decrease in sales was 3.","{""payload"":{""answer"":""3"",""acceptableAnswers"":[""3"",""three"",""3 sales"",""three sales""],""caseSensitive"":false,""hint"":null}}",global,Number
53ba3d6f-9cee-4a06-be90-cceca3f120a8,fitb,"These numbers are not in least-to-greatest order: 412,356, 412,365, 412,563, and 412,536. Which number should be third when they are ordered from least to greatest? ____",Maths,4,Large Numbers & Place Value,"Numbers to 1,000,000",Students can compare and order large numbers,medium,"In least-to-greatest order, the numbers are 412,356, 412,365, 412,536, and 412,563. Therefore, the third number is 412,536.","{""payload"":{""answer"":""412,536"",""acceptableAnswers"":[""412,536"",""412536"",""four hundred twelve thousand five hundred thirty-six"",""four hundred twelve thousand five hundred and thirty-six"",""four hundred and twelve thousand five hundred and thirty-six""],""caseSensitive"":false,""hint"":""Order the numbers from least to greatest, then identify the number in the third position.""}}",global,Number
b50718df-ed7d-40b8-96fe-7d3cffe74334,fitb,"A box contains fewer than 50 animal stickers. The number of stickers has exactly three factor pairs, including 2 × 9, and no factor pair has the same factor twice. What is the number of stickers? ____",Maths,4,"Factors, Multiples & Primes",Factors & Multiples,Students can find all factor pairs of a number up to 100,hard,"The factor pair 2 × 9 gives 18 stickers. The complete factor pairs of 18 are 1 × 18, 2 × 9, and 3 × 6, so there are exactly three pairs. No pair uses the same factor twice, and 18 is fewer than 50. Therefore, the number of stickers is 18.","{""payload"":{""answer"":""18"",""acceptableAnswers"":[""18"",""eighteen"",""18 stickers"",""eighteen stickers""],""caseSensitive"":false,""hint"":""Use 2 × 9 to find the number, then list its factor pairs to check all the clues.""}}",global,Number
6b1e1456-5630-43ee-b591-04de3fda47ea,fitb,The science show starts at 1:50 p.m. and ends at 3:05 p.m. The show lasts ____ minutes.,Maths,4,Time Problem Solving,Duration & Schedules,Students can solve real-life problems involving timetables and schedules,medium,"From 1:50 p.m. to 2:50 p.m. is 60 minutes, and from 2:50 p.m. to 3:05 p.m. is 15 minutes. Therefore, the show lasts 60 + 15 = 75 minutes.","{""payload"":{""answer"":""75"",""acceptableAnswers"":[""75"",""75 minutes"",""75 min"",""seventy five"",""seventy-five"",""seventy five minutes"",""seventy-five minutes""],""caseSensitive"":false,""hint"":""Count to the next hour, then add the extra minutes.""}}",global,Number
f2706e21-884a-41d3-802b-7b4ced11b6b0,fitb,The fractions 6/8 and 9/12 are equivalent. They can both be written as ____/4.,Maths,4,Fractions,Equivalent Fractions,Students can generate equivalent fractions using multiplication and division,hard,"To change 6/8 to a denominator of 4, divide the numerator and denominator by 2: 6/8 = 3/4. To change 9/12 to a denominator of 4, divide the numerator and denominator by 3: 9/12 = 3/4. Therefore, the missing numerator is 3.","{""payload"":{""answer"":""3"",""acceptableAnswers"":[""3"",""three"",""3.0"",""3.00""],""caseSensitive"":false,""hint"":""Simplify each fraction by dividing the numerator and denominator by the same number.""}}",global,Number
8936eee2-8fdf-400e-bc11-a8eeb4b2d736,fitb,"A fair number cube has faces numbered 1 to 6, and each face is equally likely to land face up. If it is rolled 30 times, the number 3 should appear about ____ times.",Maths,4,Probability & Fractions,Theoretical Probability,Students can predict the frequency of outcomes in repeated trials,easy,"There are 6 equally likely outcomes, so the probability of rolling a 3 is 1 out of 6. One-sixth of 30 is 5, so the number 3 should appear about 5 times.","{""payload"":{""answer"":""5"",""acceptableAnswers"":[""5"",""five""],""caseSensitive"":false,""hint"":null}}",global,Number
f717e07f-256e-4e70-9dd3-16c06daa5b41,fitb,A rectangular map is divided into 9 rows of 4 unit squares. Its area is ____ square units.,Maths,4,Measurement & Conversion,Perimeter & Area,Students can calculate the area of rectangles and composite shapes using counting and formula,medium,"There are 9 rows with 4 unit squares in each row. Multiply 9 × 4 = 36, so the area is 36 square units.","{""payload"":{""answer"":""36"",""acceptableAnswers"":[""36"",""thirty-six"",""thirty six"",""36 square units"",""thirty-six square units""],""caseSensitive"":false,""hint"":""Multiply the number of rows by the number of unit squares in each row.""}}",global,Number
05911b98-413f-43ae-add4-86c8e1002d10,fitb,"A crate holds 5 bananas, 5 oranges, 3 apples, and 7 grapes. One fruit is picked at random. What is the probability of picking a banana or an orange? Write your answer as a fraction in simplest form: ____.",Maths,4,Probability & Fractions,Probability as Fractions,Students can express the probability of a simple event as a fraction,hard,"There are 20 fruits altogether. There are 10 favorable fruits: 5 bananas + 5 oranges. The probability is 10/20, which simplifies to 1/2. Therefore, the probability in simplest form is 1/2.","{""payload"":{""answer"":""1/2"",""acceptableAnswers"":[""1/2"",""one-half"",""one half"",""1 over 2"",""one over two""],""caseSensitive"":false,""hint"":null}}",global,Fraction
6bc88d54-cd40-4dae-b578-ee586613ec53,fitb,Add the fractions: 3/9 + 4/9 = ____.,Maths,4,Fractions,Adding & Subtracting Fractions,Students can add and subtract fractions with the same denominator,medium,"The denominators are the same, so add the numerators and keep the denominator: 3 + 4 = 7, so 3/9 + 4/9 = 7/9.","{""payload"":{""answer"":""7/9"",""acceptableAnswers"":[""7/9"",""seven ninths"",""7 ninths"",""seven over nine"",""7 over 9""],""caseSensitive"":false,""hint"":""Add the numerators and keep the denominator the same.""}}",global,Fraction
6d248a28-92dc-491f-9e01-b32309e9bfe3,fitb,Write 0.4 as a fraction in simplest form: ____,Maths,4,Introduction to Decimals,Understanding Decimals,Students can relate decimals to fractions,medium,0.4 means 4/10. Divide the numerator and denominator by 2 to simplify 4/10 to 2/5.,"{""payload"":{""answer"":""2/5"",""acceptableAnswers"":[""2/5"",""two-fifths"",""two fifths"",""2 over 5"",""two over five""],""caseSensitive"":false,""hint"":""Write 0.4 as 4/10, then simplify the fraction.""}}",global,Fraction
095bdf03-be6c-44ef-b2b0-4fa580f47de8,fitb,"A box contains 5 coins, 3 gems, 2 keys, and 2 maps. If one object is chosen at random, the probability of choosing a gem is ____.",Maths,4,Probability & Fractions,Probability as Fractions,Students can express the probability of a simple event as a fraction,medium,"There are 5 + 3 + 2 + 2 = 12 objects altogether. Three of the 12 objects are gems, so the probability of choosing a gem is 3/12, which simplifies to 1/4.","{""payload"":{""answer"":""1/4"",""acceptableAnswers"":[""1/4"",""3/12"",""one-fourth"",""one fourth"",""one quarter""],""caseSensitive"":false,""hint"":null}}",global,Fraction
db673a5f-d804-43b6-abed-cfe29a43aa4e,fitb,The fraction 24/36 simplifies to ____ in lowest terms.,Maths,4,Fractions,Equivalent Fractions,Students can simplify fractions to their lowest terms,medium,"Divide the numerator and denominator by their common factor, 12: 24 ÷ 12 = 2 and 36 ÷ 12 = 3. Therefore, 24/36 = 2/3, and 2/3 is in lowest terms because 2 and 3 have no common factor greater than 1.","{""payload"":{""answer"":""2/3"",""acceptableAnswers"":[""2/3"",""two-thirds"",""two thirds"",""2 over 3"",""two over three""],""caseSensitive"":false,""hint"":""Divide the numerator and denominator by their greatest common factor.""}}",global,Fraction
9bf4b01d-8c35-4de1-a322-ef266329b038,fitb,Write 0.5 as a fraction in simplest form: ____.,Maths,4,Introduction to Decimals,Understanding Decimals,Students can relate decimals to fractions,easy,"0.5 means 5 tenths, or 5/10. Dividing the numerator and denominator by 5 gives 1/2, so 0.5 written as a fraction in simplest form is 1/2.","{""payload"":{""answer"":""1/2"",""acceptableAnswers"":[""1/2"",""1 / 2"",""½"",""one half"",""one-half""],""caseSensitive"":false,""hint"":null}}",global,Fraction
df7309b7-23f0-48f5-b9d8-025bf28e5563,fitb,"In a tray there are 4 maps, 6 keys, 1 coin, and 1 gem. The chance of picking a coin is ____.",Maths,4,Probability & Fractions,Probability as Fractions,Students can express the probability of a simple event as a fraction,medium,"There are 12 objects altogether: 4 + 6 + 1 + 1 = 12. One of the 12 objects is a coin, so the probability is 1/12.","{""payload"":{""answer"":""1/12"",""acceptableAnswers"":[""1/12"",""one twelfth"",""one-twelfth"",""1 over 12"",""one over twelve""],""caseSensitive"":false,""hint"":null}}",global,Fraction
abfd3cf2-feea-4f29-a47f-9f27fd93cacb,fitb,"A candy jar was 8/12 full at the start. Then, enough candy to fill 3/12 of the jar was eaten. ____ of the jar was still full.",Maths,4,Fractions,Adding & Subtracting Fractions,Students can solve word problems involving addition and subtraction of fractions,easy,"Both fractions refer to the same whole—the jar. Subtract the amount eaten from the starting amount: 8/12 − 3/12 = 5/12. Therefore, 5/12 of the jar was still full.","{""payload"":{""answer"":""5/12"",""acceptableAnswers"":[""5/12"",""five twelfths"",""5 twelfths"",""five-twelfths"",""5 over 12""],""caseSensitive"":false,""hint"":null}}",global,Fraction
d32d4935-f976-4bc0-b9d4-f82c0a871cf2,fitb,The decimal 0.75 is equal to 75/100. Write 75/100 in simplest form: ____.,Maths,4,Introduction to Decimals,Understanding Decimals,Students can relate decimals to fractions,medium,"Divide the numerator and denominator by 25: 75 ÷ 25 = 3 and 100 ÷ 25 = 4. Therefore, 75/100 in simplest form is 3/4.","{""payload"":{""answer"":""3/4"",""acceptableAnswers"":[""3/4"",""three-fourths"",""three fourths"",""three quarters"",""3 over 4""],""caseSensitive"":false,""hint"":""Divide 75 and 100 by the same number.""}}",global,Fraction
51954545-ca1f-4531-91ab-e93cbcac6e6b,fitb,"A collection has 7 keys, 5 coins, 4 gems, and 4 maps. The probability of not picking a key is ____.",Maths,4,Probability & Fractions,Probability as Fractions,Students can express the probability of a simple event as a fraction,medium,"There are 7 + 5 + 4 + 4 = 20 objects in total. The objects that are not keys are the 5 coins, 4 gems, and 4 maps, giving 5 + 4 + 4 = 13 objects. Therefore, the probability of not picking a key is 13 out of 20, or 13/20.","{""payload"":{""answer"":""13/20"",""acceptableAnswers"":[""13/20"",""13 over 20"",""thirteen over twenty"",""13 twentieths"",""thirteen twentieths""],""caseSensitive"":false,""hint"":""Count all the objects that are not keys.""}}",global,Fraction
7cd45d13-5968-427a-b138-aa2f5cc132bd,fitb,"At a fruit market, one crate is 5/6 full and another crate is 7/9 full. Which fraction represents the fuller crate? ____",Maths,4,Fractions,Comparing & Ordering Fractions,Students can compare fractions with different numerators and denominators,hard,"Use a common denominator: 5/6 = 15/18 and 7/9 = 14/18. Since 15/18 is greater than 14/18, the fuller crate is represented by 5/6.","{""payload"":{""answer"":""5/6"",""acceptableAnswers"":[""5/6"",""five sixths"",""five-sixths"",""5 over 6"",""five over six""],""caseSensitive"":false,""hint"":""Use eighteenth parts to compare the fractions.""}}",global,Fraction
8e6f58fe-de9d-41f0-9803-dcf8ee145749,fitb,"Write 0.6 as a fraction in simplest form. Its numerator is 3, so the fraction is ____.",Maths,4,Introduction to Decimals,Understanding Decimals,Students can relate decimals to fractions,hard,0.6 is equal to 6/10. Dividing the numerator and denominator by 2 gives 3/5. This fraction is in simplest form and has numerator 3.,"{""payload"":{""answer"":""3/5"",""acceptableAnswers"":[""3/5"",""three-fifths"",""three fifths"",""3 over 5"",""three over five""],""caseSensitive"":false,""hint"":""Write 0.6 as a fraction out of 10, then simplify.""}}",global,Fraction
cd2cf411-49f3-4a8d-9822-33c0f3d808e2,fitb,"In a basket there are 4 oranges, 4 apples, and 2 grapes. Write the probability of picking a grape as a fraction: ____.",Maths,4,Probability & Fractions,Probability as Fractions,Students can express the probability of a simple event as a fraction,easy,"There are 4 + 4 + 2 = 10 fruits in total, and 2 are grapes. Therefore, the probability is 2/10, which is equivalent to 1/5.","{""payload"":{""answer"":""2/10"",""acceptableAnswers"":[""2/10"",""1/5"",""two tenths"",""one fifth"",""two over ten"",""2 out of 10""],""caseSensitive"":false,""hint"":null}}",global,Fraction
25cf0b3e-b7d1-488f-b654-aaf6b75ba4e6,fitb,"A space camp has a budget of $45. After spending $28 on supplies, a $16 badge is ____.",Maths,4,Financial Problem Solving,Budgeting Basics,Students can decide whether a purchase is affordable within a budget,medium,"First find the money left: $45 - $28 = $17. The badge costs $16, which is less than the $17 remaining, so it is affordable within the budget.","{""payload"":{""answer"":""affordable"",""acceptableAnswers"":[""affordable"",""affordable to buy"",""within budget"",""within the budget"",""affordable within the budget""],""caseSensitive"":false,""hint"":null}}",Ontario,Text
9779c75d-092b-4de5-8829-c7776a4ba0a5,fitb,"The pattern 30, 27, 24, 21 follows the rule: ____.",Maths,4,Logical Reasoning,Number Puzzles,Students can explain the strategy used to solve a number puzzle,medium,"The numbers decrease by 3 each time: 30 − 3 = 27, 27 − 3 = 24, and 24 − 3 = 21. Therefore, the rule is to subtract 3 each time.","{""payload"":{""answer"":""subtract 3 each time"",""acceptableAnswers"":[""subtract 3 each time"",""subtract three each time"",""take away 3 each time"",""take away three each time"",""decrease by 3 each time"",""decrease by three each time"",""count back 3 each time"",""count back three each time""],""caseSensitive"":false,""hint"":null}}",global,Text
8e702358-a51e-450f-8bae-00e576ebdb89,fitb,A fair coin is tossed 16 times and lands on tails 6 times. The experimental probability of tails is ____ the theoretical probability of tails.,Maths,4,Probability & Fractions,Theoretical Probability,Students can compare theoretical and experimental probability,medium,"The experimental probability is 6/16, which equals 3/8. For a fair coin, the theoretical probability of tails is 1/2. Since 3/8 is less than 1/2, the experimental probability is less than the theoretical probability.","{""payload"":{""answer"":""less than"",""acceptableAnswers"":[""less than"",""lower than"",""smaller than"",""below""],""caseSensitive"":false,""hint"":""Compare 6/16 with 1/2.""}}",global,Text
28a78d68-4283-47da-941f-0eb80bad6a3a,fitb,Is 24 a factor of 72? ____,Maths,4,"Factors, Multiples & Primes",Factors & Multiples,Students can determine whether one number is a factor or multiple of another,medium,"Yes. 72 ÷ 24 = 3, which is a whole number. Therefore, 24 divides 72 evenly, so 24 is a factor of 72.","{""payload"":{""answer"":""yes"",""acceptableAnswers"":[""yes"",""yes, it is"",""yes it is"",""yes, 24 is a factor of 72"",""yes 24 is a factor of 72""],""caseSensitive"":false,""hint"":""Divide 72 by 24. If the quotient is a whole number, 24 is a factor of 72.""}}",global,Text
9120c83d-dc4c-41c5-93b3-e339bb84000e,fitb,"Use t for the unknown number. Write an expression for the result of adding 4 to 3 times the number, then dividing the entire result by 2: ____",Maths,4,Variables & Expressions,Introduction to Variables,Students can write simple expressions using a letter for an unknown,hard,"Three times the unknown number is 3t. Adding 4 gives 3t + 4. Because the entire result is divided by 2, the expression is (3t + 4) / 2.","{""payload"":{""answer"":""(3t + 4) / 2"",""acceptableAnswers"":[""(3t + 4) / 2"",""(3t+4)/2"",""(3t + 4) ÷ 2"",""3t + 4 all divided by 2"",""3t plus 4, all divided by 2""],""caseSensitive"":false,""hint"":""First write 3t + 4, then divide the entire expression by 2.""}}",global,Text
d76e6fe2-e81c-4bff-b740-6488b0f6824e,fitb,"On a number line from 0 to 1 divided into tenths, 0.4 is the ____ tick after 0.",Maths,4,Introduction to Decimals,Understanding Decimals,Students can represent decimals on a number line,easy,"Each tick represents one tenth. Since 0.4 means 4 tenths, it is the fourth tick after 0.","{""payload"":{""answer"":""4th"",""acceptableAnswers"":[""4th"",""fourth"",""4"",""4th tick"",""fourth tick""],""caseSensitive"":false,""hint"":null}}",global,Text
196eb273-19e1-4f80-8b94-c76cccf3a160,fitb,"Write these numbers in order from least to greatest: 430,567; 430,576; 430,657; 430,566. ____",Maths,4,Large Numbers & Place Value,"Numbers to 1,000,000",Students can compare and order large numbers,hard,"All four numbers have 430 thousand. Comparing the remaining parts gives 566 < 567 < 576 < 657, so the numbers in least-to-greatest order are 430,566; 430,567; 430,576; 430,657.","{""payload"":{""answer"":""430,566; 430,567; 430,576; 430,657"",""acceptableAnswers"":[""430,566; 430,567; 430,576; 430,657"",""430566; 430567; 430576; 430657"",""430,566, 430,567, 430,576, 430,657"",""four hundred thirty thousand five hundred sixty-six; four hundred thirty thousand five hundred sixty-seven; four hundred thirty thousand five hundred seventy-six; four hundred thirty thousand six hundred fifty-seven"",""four hundred and thirty thousand five hundred and sixty-six; four hundred and thirty thousand five hundred and sixty-seven; four hundred and thirty thousand five hundred and seventy-six; four hundred and thirty thousand six hundred and fifty-seven""],""caseSensitive"":false,""hint"":""Compare the digits from left to right, then write all four numbers in increasing order.""}}",global,Text
52f8dd1b-b57c-4380-8451-fb49a9223a84,fitb,"Order these fractions from least to greatest: 7/8, 3/4, 1/2, 4/8. Write the complete ordered list: ____.",Maths,4,Fractions,Comparing & Ordering Fractions,Students can order a set of fractions on a number line,medium,"Rewrite the fractions with denominator 8: 1/2 = 4/8, 3/4 = 6/8, and 7/8 = 7/8. Therefore, the order is 1/2 and 4/8 first, followed by 3/4, then 7/8. Because 1/2 and 4/8 are equal, either one may be written first.","{""payload"":{""answer"":""1/2, 4/8, 3/4, 7/8"",""acceptableAnswers"":[""1/2, 4/8, 3/4, 7/8"",""4/8, 1/2, 3/4, 7/8"",""one-half, four-eighths, three-fourths, seven-eighths"",""four-eighths, one-half, three-fourths, seven-eighths""],""caseSensitive"":false,""hint"":""Rewrite the fractions with denominator 8, then compare their numerators.""}}",global,Text
c37d41c8-64d5-4948-b006-de68a0a0fe38,fitb,Convert 7:00 p.m. to 24-hour time. ____,Maths,4,Time Problem Solving,24-Hour Time,Students can convert between 12-hour and 24-hour time,easy,"Because 7:00 p.m. is after noon, add 12 to the hour: 7 + 12 = 19. Therefore, 7:00 p.m. is 19:00 in 24-hour time.","{""payload"":{""answer"":""19:00"",""acceptableAnswers"":[""19:00"",""19:00 hours"",""19:00 h"",""19.00"",""7:00 p.m. = 19:00""],""caseSensitive"":false,""hint"":""For a p.m. time after noon, add 12 to the hour.""}}",global,Text
9ca9a943-012e-463a-afd9-02c9e44989ed,fitb,"A student claims that 18 ÷ 3 = 6. To check the claim, write the multiplication sentence using the divisor and quotient: ____",Maths,4,Arithmetic Operations,Division,Students can check division using multiplication,easy,"To check a division sentence, multiply the divisor by the quotient. Here, 3 × 6 = 18, so the multiplication sentence confirms the claim.","{""payload"":{""answer"":""3 × 6 = 18"",""acceptableAnswers"":[""3 × 6 = 18"",""3 x 6 = 18"",""6 × 3 = 18"",""three times six equals eighteen"",""six times three equals eighteen""],""caseSensitive"":false,""hint"":""Multiply the divisor by the quotient.""}}",global,Text
db318a13-a1d6-400a-95f9-8369cdc4429c,fitb,"A frequency table lists pets owned: cats 9, dogs 13, fish 4, and birds 9. The number of dogs and the combined number of fish and birds are ____.",Maths,4,Data Display & Interpretation,Frequency Tables,Students can draw conclusions from data in different formats,medium,"Add the fish and birds: 4 + 9 = 13. The number of dogs is also 13, so the two numbers are equal.","{""payload"":{""answer"":""equal"",""acceptableAnswers"":[""equal"",""the same"",""equal to each other"",""the same as each other"",""equal in number""],""caseSensitive"":false,""hint"":""First add fish and birds.""}}",global,Text
193f4b74-f925-42d2-b966-14bccd03111a,fitb,"Each van holds 1006 carrot packs, and there are 997 vans. A calculation gives 1006 × 997 = 1008982. Use the base-1000 method to find the correct total: ____ packs.",Maths,4,Vedic Mathematics,Advanced Multiplication,Students can apply the Vedic base method to multiply numbers near 1000,hard,"Write 1006 as 1000 + 6 and 997 as 1000 − 3. Cross-subtract to get 1006 − 3 = 1003. Multiply the deviations: 6 × (−3) = −18. Because the base is 1000, normalize 1003 | −018 by borrowing 1 from the left part, giving 1002 | 982. Therefore, the product is 1002 × 1000 + 982 = 1,002,982 carrot packs.","{""payload"":{""answer"":""1002982"",""acceptableAnswers"":[""1002982"",""1,002,982"",""one million two thousand nine hundred eighty-two"",""one million two thousand nine hundred and eighty-two""],""caseSensitive"":false,""hint"":""Write the numbers as 1000 plus or minus a small number. Cross-subtract and multiply the two deviations. If the right part is negative, borrow 1 from the left part and add 1000 to the right part.""}}",global,Text
22a138da-dc5b-46ce-8c00-c6324073e9e2,fitb,"Mia has $39. She buys 2 spinning tops at $8 each, 1 sticker book for $7, and 1 snack pack. After buying everything, she has exactly $9 left. The snack pack costs more than $5 and less than $9. What is the price of the snack pack in dollars? ____",Maths,4,Financial Problem Solving,Budgeting Basics,Students can understand and apply the concept of a simple budget,hard,"Mia spent $39 - $9 = $30. The two spinning tops cost 2 × $8 = $16, and the sticker book costs $7. Therefore, the snack pack costs $30 - $16 - $7 = $7.","{""payload"":{""answer"":""$7"",""acceptableAnswers"":[""$7"",""7"",""seven"",""7 dollars"",""seven dollars""],""caseSensitive"":false,""hint"":""Find the total amount spent first, then subtract the costs of the two spinning tops and the sticker book.""}}",Australia,Alphanumeric
2c34d169-c096-404e-ba49-757ca004c8c1,fitb,A movie starts at 2:25 p.m. Write this time in 24-hour format: ____.,Maths,4,Time Problem Solving,24-Hour Time,Students can read and write time in 24-hour format,medium,"2:25 p.m. is a p.m. time after 12:00 p.m., so add 12 to the hour: 2 + 12 = 14. The minutes stay the same, so the time in 24-hour format is 14:25.","{""payload"":{""answer"":""14:25"",""acceptableAnswers"":[""14:25"",""14:25 h"",""14:25h"",""14:25 hrs"",""14:25 hours""],""caseSensitive"":false,""hint"":""For p.m. times from 1:00 p.m. to 11:59 p.m., add 12 to the hour.""}}",global,Alphanumeric
0bd7a088-f87c-468b-8019-4e21bb85488c,fitb,"Complete the comparison using >, <, or =: 0.83 ____ 0.38.",Maths,4,Introduction to Decimals,Comparing Decimals,Students can compare and order decimals to hundredths,easy,"Compare the tenths digits first. 0.83 has 8 tenths and 0.38 has 3 tenths, so 0.83 is greater than 0.38. The correct symbol is >.","{""payload"":{""answer"":"">"",""acceptableAnswers"":["">""],""caseSensitive"":false,""hint"":null}}",global,Alphanumeric
39a27a5d-20a8-4d13-820d-97bf0157d0cc,fitb,"A fair coin is tossed 20 times and lands on heads 11 times. Compared with the experimental probability from these tosses, the theoretical probability of heads is ____.",Maths,4,Probability & Fractions,Theoretical Probability,Students can compare theoretical and experimental probability,easy,"The experimental probability is 11/20 because heads occurred 11 times in 20 tosses. A fair coin has two equally likely outcomes, so its theoretical probability of heads is 1/2, or 10/20. Since 10/20 is less than 11/20, the theoretical probability is less than the experimental probability.","{""payload"":{""answer"":""less than 11/20"",""acceptableAnswers"":[""less than 11/20"",""less"",""lower"",""lower than 11/20"",""below 11/20""],""caseSensitive"":false,""hint"":null}}",global,Alphanumeric
d69a8d06-89de-4492-ba68-c5b8e96c4baf,fitb,"Which fraction comes last when these are ordered from least to greatest on a number line: 1/4, 1/2, 3/4, or 2/3? ____",Maths,4,Fractions,Comparing & Ordering Fractions,Students can order a set of fractions on a number line,easy,"On a number line, 3/4 is greater than 1/4, 1/2, and 2/3. Therefore, 3/4 comes last when the fractions are ordered from least to greatest.","{""payload"":{""answer"":""3/4"",""acceptableAnswers"":[""3/4"",""three-fourths"",""three fourths"",""three quarters"",""3 over 4""],""caseSensitive"":false,""hint"":null}}",global,Alphanumeric
7d9a4c62-71ff-4c06-b870-8ead0437198b,fitb,"If p represents the unknown number, write an expression for 5 less than twice the number: ____",Maths,4,Variables & Expressions,Introduction to Variables,Students can write simple expressions using a letter for an unknown,medium,"Twice p means 2 × p, or 2p. Five less than that means subtract 5, so the expression is 2p - 5.","{""payload"":{""answer"":""2p - 5"",""acceptableAnswers"":[""2p - 5"",""2p-5"",""2*p - 5"",""2 × p - 5"",""p + p - 5""],""caseSensitive"":false,""hint"":""First write twice p, then subtract 5.""}}",global,Alphanumeric
66d73b57-b0ad-46ab-9bc9-d606af87dc8b,fitb,The number 58 ends in 8. Is 58 even or odd? Write the correct word in the blank: ____,Maths,4,Logical Reasoning,Analytical Puzzles,Students can identify relationships and apply deductive reasoning,easy,"The last digit of 58 is 8. Numbers ending in 0, 2, 4, 6, or 8 are even, so 58 is even.","{""payload"":{""answer"":""even"",""acceptableAnswers"":[""even"",""even number"",""an even number"",""58 is even"",""58 is an even number""],""caseSensitive"":false,""hint"":""Look at the last digit of 58.""}}",global,Alphanumeric
13ca2ed2-91e8-46d8-9547-27b0dcc7de4d,fitb,"Mia has £39. She buys 2 spinning tops at £8 each, 1 sticker book for £7, and 1 snack pack. After buying all four items, she has £9 left. The snack pack costs more than £5 and less than £9. What is the price of the snack pack? ____",Maths,4,Financial Problem Solving,Budgeting Basics,Students can understand and apply the concept of a simple budget,hard,"Mia spent £39 - £9 = £30. The two spinning tops cost 2 × £8 = £16, and the sticker book costs £7. Therefore, the snack pack costs £30 - £16 - £7 = £7.","{""payload"":{""answer"":""£7"",""acceptableAnswers"":[""£7"",""7"",""seven"",""7 pounds"",""seven pounds""],""caseSensitive"":false,""hint"":""Subtract the £9 Mia has left from £39, then subtract the cost of the two spinning tops and the sticker book.""}}",UK,Alphanumeric
ab21d533-684c-4018-9f4e-dde94ee76375,fitb,The zoo bus leaves at 10:00 and the ride lasts 1 hour. What time does it arrive? ____,Maths,4,Time Problem Solving,Duration & Schedules,Students can solve real-life problems involving timetables and schedules,easy,"The bus leaves at 10:00. Adding 1 hour gives 11:00, so the bus arrives at 11:00.","{""payload"":{""answer"":""11:00"",""acceptableAnswers"":[""11:00"",""11.00"",""11"",""11 o'clock"",""eleven o'clock"",""eleven""],""caseSensitive"":false,""hint"":""Add 1 hour to 10:00.""}}",global,Alphanumeric
86f68bff-74cc-4f9c-ab8f-c5a2f6226d8f,fitb,Compare the decimals: 0.27 ____ 0.29.,Maths,4,Introduction to Decimals,Comparing Decimals,Students can compare and order decimals to hundredths,easy,"Both decimals have 0 tenths. Comparing the hundredths, 27 is less than 29, so 0.27 < 0.29.","{""payload"":{""answer"":""<"",""acceptableAnswers"":[""<"",""less than"",""is less than"",""smaller than"",""is smaller than""],""caseSensitive"":false,""hint"":null}}",global,Alphanumeric
8f5357b5-dd28-4038-9296-826df2a14a8d,fitb,"A bag contains 3 red marbles and 3 blue marbles. A marble is replaced after each draw. In 10 trials, a red marble is drawn 6 times. The theoretical probability of drawing red is ____ the experimental probability.",Maths,4,Probability & Fractions,Theoretical Probability,Students can compare theoretical and experimental probability,easy,"The theoretical probability is 3 out of 6, or 1/2, which is 0.5. The experimental probability is 6 out of 10, or 0.6. Since 0.5 is less than 0.6, the theoretical probability is less than the experimental probability.","{""payload"":{""answer"":""less than"",""acceptableAnswers"":[""less than"",""smaller than"",""lower than"",""not as large as"",""not as great as""],""caseSensitive"":false,""hint"":null}}",global,Alphanumeric
6239c397-09e2-43c1-af3c-9972ad73db14,fitb,"Order these fractions from least to greatest: 2/3, 3/3, and 1/3. If they are placed on a number line, write them from left to right: ____.",Maths,4,Fractions,Comparing & Ordering Fractions,Students can order a set of fractions on a number line,easy,"All three fractions have the same denominator, 3, so compare their numerators. Since 1 is less than 2 and 2 is less than 3, the order is 1/3, 2/3, 3/3.","{""payload"":{""answer"":""1/3, 2/3, 3/3"",""acceptableAnswers"":[""1/3, 2/3, 3/3"",""1/3,2/3,3/3"",""1 / 3, 2 / 3, 3 / 3"",""one third, two thirds, three thirds"",""one-third, two-thirds, three-thirds""],""caseSensitive"":false,""hint"":""Compare the numerators because all the denominators are 3.""}}",global,Alphanumeric
195f2c94-c305-4e58-88d5-433b9d56f46e,fitb,Evaluate the expression using the correct order of operations: 24 ÷ 6 + 8 = ____,Maths,5,Number Sense & Operations,Order of Operations,Students can apply the correct order of operations to evaluate expressions,medium,Divide first because division comes before addition: 24 ÷ 6 = 4. Then add 8: 4 + 8 = 12.,"{""payload"":{""answer"":""12"",""acceptableAnswers"":[""12"",""twelve""],""caseSensitive"":false,""hint"":null}}",global,Number
14991366-2a12-4251-a667-1b0ec32679d1,fitb,"There are 3,724 objects and 46 sets. Give each set the same number of whole objects, leaving any extras outside the sets. How many objects does each set get? ____",Maths,5,Multi-Digit Operations,Long Division,Students can divide up to 4-digit numbers by 2-digit divisors,hard,"46 × 80 = 3,680, and 3,724 − 3,680 = 44. Therefore, each set gets 80 whole objects, with 44 objects left over.","{""payload"":{""answer"":""80"",""acceptableAnswers"":[""80"",""eighty"",""80 objects"",""eighty objects"",""80 whole objects"",""eighty whole objects""],""caseSensitive"":false,""hint"":""Multiply 46 by your answer, then check how many objects are left over.""}}",global,Number
e6fee5ff-b899-41d2-a9df-8e1b0e1a2ac4,fitb,"A borrower owes £1,380 after 4 years at 5% simple interest. The amount originally borrowed was £____.",Maths,5,Budgeting & Simple Interest,Simple Interest,Students can solve real-life problems involving savings and borrowing,hard,"With simple interest, the total amount is the principal plus 5% of the principal each year for 4 years: principal × (1 + 0.05 × 4) = principal × 1.20. Therefore, the original amount was £1,380 ÷ 1.20 = £1,150.","{""payload"":{""answer"":""1150"",""acceptableAnswers"":[""1150"",""1,150"",""1150.00"",""£1150"",""£1,150"",""1150 pounds"",""one thousand one hundred fifty"",""one thousand one hundred and fifty"",""one thousand one hundred fifty pounds"",""one thousand one hundred and fifty pounds""],""caseSensitive"":false,""hint"":""At 5% for 4 years, the total is 120% of the original amount.""}}",UK,Number
5ba1d6ea-2b24-405c-8b1b-994600b89968,fitb,"A toy train track is 240 inches long. Since 12 inches = 1 foot, it is ____ feet long.",Maths,5,"Perimeter, Area & Measurement",Unit Conversion,"Students can convert between metric and, where applicable, imperial units",hard,"There are 12 inches in 1 foot. To convert 240 inches to feet, divide by 12: 240 ÷ 12 = 20 feet.","{""payload"":{""answer"":""20"",""acceptableAnswers"":[""20"",""20.0"",""twenty"",""20 feet"",""twenty feet"",""20 ft""],""caseSensitive"":false,""hint"":""Divide the inches by 12.""}}",US,Number
8449d743-44c0-48fe-82a4-bd8b4ae5b019,fitb,The 14 toy blocks and 21 balls are to be shared equally among the greatest possible number of teams. Each team must receive the same number of blocks and the same number of balls. How many teams can there be? ____,Maths,5,"Factors, Multiples & Primes",HCF & LCM,Students can apply HCF and LCM to solve real-world problems,medium,"The common factors of 14 and 21 are 1 and 7. The greatest common factor is 7, so the blocks and balls can be shared equally among 7 teams. Each team receives 2 blocks and 3 balls.","{""payload"":{""answer"":""7"",""acceptableAnswers"":[""7"",""seven"",""7 teams"",""seven teams""],""caseSensitive"":false,""hint"":""Find the greatest common factor of 14 and 21.""}}",global,Number
a3df16ef-d25a-44d9-a575-6e934eaac229,fitb,Each book costs $4.60. The cost of 2 books is ____.,Maths,5,Decimal Arithmetic,Multiplying & Dividing Decimals,Students can multiply decimals by whole numbers and other decimals,easy,"Multiply the cost of one book by the number of books: $4.60 × 2 = $9.20. Therefore, 2 books cost $9.20.","{""payload"":{""answer"":""$9.20"",""acceptableAnswers"":[""$9.20"",""$9.2"",""9.20"",""9.2"",""nine dollars and twenty cents"",""nine point two""],""caseSensitive"":false,""hint"":null}}",US,Number
cb3f12c5-b24f-4dfd-886c-6493533a2dbb,fitb,A fair number cube was rolled 30 times. It showed a 6 on 8 rolls. The difference between the experimental result and the theoretical prediction for the number of 6s is ____.,Maths,5,Theoretical & Experimental Probability,Experimental Probability,Students can compare experimental results with theoretical predictions,easy,"For a fair number cube, the probability of rolling a 6 is 1/6. In 30 rolls, the theoretical prediction is 30 ÷ 6 = 5 sixes. The experimental result was 8 sixes, so the difference is 8 − 5 = 3 sixes.","{""payload"":{""answer"":""3"",""acceptableAnswers"":[""3"",""three"",""3 sixes"",""three sixes"",""3 6s"",""three 6s""],""caseSensitive"":false,""hint"":null}}",global,Number
9a1ebce3-8ada-45cf-b199-5dbd37b6b4c6,fitb,"Using the near-base squaring method, find 109²: 109² = ____",Maths,5,Vedic Mathematics,Advanced Squaring,Students can apply the Vedic near-base squaring method,medium,"Use 100 as the nearby base. Since 109 is 9 more than 100, add the excess to 109: 109 + 9 = 118. Then square the excess: 9² = 81. Append 81 to 118 to get 11881, so 109² = 11881.","{""payload"":{""answer"":""11881"",""acceptableAnswers"":[""11881"",""11,881"",""eleven thousand eight hundred eighty-one"",""eleven thousand eight hundred and eighty-one""],""caseSensitive"":false,""hint"":""Use 100 as the nearby base.""}}",global,Number
3a01ea04-2034-410d-842f-93ee054fe6da,fitb,Draw a rectangle and shade 3/4 of it. Divide the whole rectangle into 8 equal parts. How many of those 1/8 parts are shaded? ____,Maths,5,Fraction Arithmetic,Dividing Fractions,Students can represent and solve fraction division using diagrams,hard,"Dividing the whole rectangle into 8 equal parts makes each part 1/8. Since 3/4 = 6/8, six of those parts are shaded. Therefore, 3/4 ÷ 1/8 = 6.","{""payload"":{""answer"":""6"",""acceptableAnswers"":[""6"",""six"",""6 parts"",""six parts""],""caseSensitive"":false,""hint"":""Rewrite 3/4 as eighths.""}}",global,Number
b2fe1482-e8c0-4ce3-a9e8-0dff712dcefb,fitb,"A number is a factor of 36, an even number, greater than 15, and less than 20. The number is ____.",Maths,5,Logical Reasoning,Logical Deduction,Students can use given conditions to deduce a correct answer,easy,"The factors of 36 are 1, 2, 3, 4, 6, 9, 12, 18, and 36. The only factor that is even, greater than 15, and less than 20 is 18.","{""payload"":{""answer"":""18"",""acceptableAnswers"":[""18"",""eighteen""],""caseSensitive"":false,""hint"":null}}",global,Number
a61fc430-d308-4352-ae5b-b3cd4648f92c,fitb,The expressions 1.5x + 2 and 0.5x + 8 have the same value when x = ____.,Maths,5,Algebraic Expressions,Evaluating Expressions,Students can compare expressions and determine when they are equal,hard,"Set the expressions equal: 1.5x + 2 = 0.5x + 8. Subtract 0.5x from both sides to get x + 2 = 8. Subtract 2 from both sides, so x = 6.","{""payload"":{""answer"":""6"",""acceptableAnswers"":[""6"",""six"",""6.0"",""6.00"",""six point zero""],""caseSensitive"":false,""hint"":""Move the x terms to one side and the numbers to the other.""}}",global,Number
37a87bb2-b99b-4c83-af4d-c46e60c357bd,fitb,"Crayons and bags are in the ratio 5:2. If the total number of items is 42, the difference between the two groups is ____.",Maths,5,Percentages & Ratios,Introduction to Ratio,Students can solve simple ratio problems,medium,There are 5 + 2 = 7 equal parts. Each part is 42 ÷ 7 = 6 items. So there are 5 × 6 = 30 crayons and 2 × 6 = 12 bags. The difference is 30 − 12 = 18 items.,"{""payload"":{""answer"":""18"",""acceptableAnswers"":[""18"",""eighteen"",""18 items"",""eighteen items""],""caseSensitive"":false,""hint"":""Find each group first.""}}",global,Number
854e0811-1c3d-4e17-ab05-cdcc8acf893f,fitb,"When the numbers 3, 5, 7, 8, and 9 are in order, the median is ____.",Maths,5,Data Analysis,"Mean, Median & Mode",Students can identify the median and mode of a data set,easy,"The median is the middle number in an ordered list. In the ordered list 3, 5, 7, 8, and 9, the middle number is 7.","{""payload"":{""answer"":""7"",""acceptableAnswers"":[""7"",""seven"",""the number 7"",""the number seven""],""caseSensitive"":false,""hint"":null}}",global,Number
c5b2c18d-befe-486e-8468-c0760cd0c9f4,fitb,Write 0.8 as a fraction in simplest form: ____.,Maths,5,Percentages & Ratios,Understanding Percentages,"Students can convert between percentages, fractions, and decimals",medium,"0.8 means 8 tenths, or 8/10. Dividing the numerator and denominator by 2 gives 8/10 = 4/5, so the fraction in simplest form is 4/5.","{""payload"":{""answer"":""4/5"",""acceptableAnswers"":[""4/5"",""4 / 5"",""four-fifths"",""four fifths"",""four over five""],""caseSensitive"":false,""hint"":""Write 0.8 as tenths first.""}}",global,Fraction
7c2a1894-91c7-449c-97b8-49a64de5c4d7,fitb,Write your answer as a mixed number: 6 1/4 - 2 2/3 = ____,Maths,5,Fraction Arithmetic,Adding & Subtracting Unlike Fractions,Students can add and subtract mixed numbers with unlike denominators,hard,Find a common denominator of 12. Then 1/4 = 3/12 and 2/3 = 8/12. Regroup 6 3/12 as 5 15/12. Subtract: 5 15/12 - 2 8/12 = 3 7/12.,"{""payload"":{""answer"":""3 7/12"",""acceptableAnswers"":[""3 7/12"",""3 and 7/12"",""3 and 7 twelfths"",""three and 7/12"",""three and seven twelfths""],""caseSensitive"":false,""hint"":""You may need to rename 6 1/4 before subtracting.""}}",global,Fraction
6183d7df-8aab-48a3-95fa-5e89f67328b6,fitb,A bag contains 2 red balls and 6 blue balls. What is the probability of picking a red ball? Write your answer as a fraction in simplest form: ____.,Maths,5,Theoretical & Experimental Probability,Theoretical Probability,"Students can calculate the probability of simple events as a fraction, decimal, or percentage",easy,"There are 2 + 6 = 8 balls altogether. The probability of picking a red ball is 2/8. Dividing the numerator and denominator by 2 gives 1/4, so the probability in simplest form is 1/4.","{""payload"":{""answer"":""1/4"",""acceptableAnswers"":[""1/4"",""¼"",""one-fourth"",""one fourth"",""1 over 4""],""caseSensitive"":false,""hint"":""There are 8 balls altogether. Write 2/8 in simplest form.""}}",global,Fraction
72a923a1-e48e-4f97-a1b0-6cad64b6a506,fitb,Write 875 ÷ 16 as a mixed number: ____,Maths,5,Multi-Digit Operations,Long Division,Students can interpret remainders and express them as fractions or decimals,easy,"16 goes into 875 54 times, with 11 left over because 16 × 54 = 864 and 875 − 864 = 11. Write the remainder over the divisor, so the mixed number is 54 11/16.","{""payload"":{""answer"":""54 11/16"",""acceptableAnswers"":[""54 11/16"",""54 and 11/16"",""fifty-four and eleven sixteenths"",""fifty-four and eleven-sixteenths"",""54 and eleven sixteenths""],""caseSensitive"":false,""hint"":""16 goes into 875 54 times, with 11 left over. Write the remainder over the divisor to get the mixed number 54 11/16.""}}",global,Fraction
38044074-e9cb-4c3c-86b0-1b2d9975cc04,fitb,"Fractions 4/6 and 6/9 are in the same group because they have the same simplest form, _____.",Maths,5,Logical Reasoning,Analogies & Classification,Students can classify items into groups using logical criteria,medium,"Simplify each fraction to lowest terms: 4/6 becomes 2/3 after dividing both parts by 2, and 6/9 becomes 2/3 after dividing both parts by 3. Therefore, their common simplest form is 2/3.","{""payload"":{""answer"":""2/3"",""acceptableAnswers"":[""2/3"",""two thirds"",""two-thirds"",""2 over 3"",""two over three""],""caseSensitive"":false,""hint"":""Simplify each fraction to lowest terms.""}}",global,Fraction
966cb127-0c8c-47bf-810d-e1720b785ec9,fitb,"A whole is divided into four parts: coins make up 1/2, gems make up 1/4, keys make up 1/8, and maps make up 1/8. The fraction made up by gems and keys together is ____.",Maths,5,Data Analysis,Graphs & Charts,"Students can read and construct line graphs, pie charts, and bar charts",medium,"Add the fractions for gems and keys: 1/4 + 1/8 = 2/8 + 1/8 = 3/8. Therefore, gems and keys make up 3/8 of the whole.","{""payload"":{""answer"":""3/8"",""acceptableAnswers"":[""3/8"",""3 / 8"",""three-eighths"",""three eighths"",""3 over 8""],""caseSensitive"":false,""hint"":""Change 1/4 to eighths first.""}}",global,Fraction
f0fe2fc1-21b8-4de8-b015-62b8825668ed,fitb,"A block tower is 75% complete. As a fraction in simplest form, that is ____.",Maths,5,Percentages & Ratios,Understanding Percentages,"Students can convert between percentages, fractions, and decimals",easy,"75% means 75 out of 100, so it is 75/100. Dividing the numerator and denominator by 25 gives 3/4, which is in simplest form.","{""payload"":{""answer"":""3/4"",""acceptableAnswers"":[""3/4"",""¾"",""three-fourths"",""three fourths"",""three-quarters"",""three quarters"",""3 over 4""],""caseSensitive"":false,""hint"":null}}",global,Fraction
81779071-d171-450d-9359-659d8d1e2380,fitb,Find 1/2 of 3/4. Write your answer as a fraction: ____,Maths,5,Fraction Arithmetic,Multiplying Fractions,Students can multiply a fraction by a whole number and a fraction by a fraction,easy,"To find 1/2 of 3/4, multiply the numerators and the denominators: (1 × 3) / (2 × 4) = 3/8.","{""payload"":{""answer"":""3/8"",""acceptableAnswers"":[""3/8"",""three eighths"",""3 over 8"",""three over eight""],""caseSensitive"":false,""hint"":""Multiply the numerators and then the denominators.""}}",global,Fraction
d474ca62-c983-4363-b88a-d774771b658e,fitb,"A spinner has 12 equal sections. Five sections are labeled “toy train,” four are labeled “ball,” and three are labeled “block.” The probability of not landing on “toy train,” written as a fraction, is ____.",Maths,5,Theoretical & Experimental Probability,Theoretical Probability,"Students can calculate the probability of simple events as a fraction, decimal, or percentage",hard,"Not landing on “toy train” means landing on either “ball” or “block.” There are 4 + 3 = 7 such sections out of 12 total sections, so the probability is 7/12.","{""payload"":{""answer"":""7/12"",""acceptableAnswers"":[""7/12"",""seven-twelfths"",""seven twelfths"",""7 over 12"",""seven over twelve""],""caseSensitive"":false,""hint"":""Subtract the number of toy-train sections from the total number of sections.""}}",global,Fraction
f6ce9af6-6142-490f-86d6-ed94bfed2799,fitb,The result of 157 ÷ 12 written as a mixed number in simplest form is 13 ____.,Maths,5,Multi-Digit Operations,Long Division,Students can interpret remainders and express them as fractions or decimals,hard,"157 ÷ 12 = 13 remainder 1. The remainder is written over the divisor, so the fractional part is 1/12. Therefore, the mixed number is 13 1/12.","{""payload"":{""answer"":""1/12"",""acceptableAnswers"":[""1/12"",""1 / 12"",""one twelfth"",""one-twelfth"",""1 over 12""],""caseSensitive"":false,""hint"":""First find the remainder after 12 × 13.""}}",global,Fraction
5ee124dc-5ba4-4ec8-b9cd-92ce8514c324,fitb,"A fraction is greater than 1/2, less than 1, and has a denominator of 4. The fraction is ____.",Maths,5,Logical Reasoning,Logical Deduction,Students can use given conditions to deduce a correct answer,easy,"Since 1/2 is equal to 2/4 and 1 is equal to 4/4, the numerator must be greater than 2 and less than 4. The only possible numerator is 3, so the fraction is 3/4.","{""payload"":{""answer"":""3/4"",""acceptableAnswers"":[""3/4"",""¾"",""three fourths"",""three-fourths"",""three quarters"",""three-quarters""],""caseSensitive"":false,""hint"":null}}",global,Fraction
fd2b4e28-2d8b-463f-85e8-233740da9d6b,fitb,A toy chest is filled to 0.6 of its capacity. Write this amount as a fraction in simplest form: ____,Maths,5,Percentages & Ratios,Understanding Percentages,"Students can convert between percentages, fractions, and decimals",hard,"0.6 means 6 tenths, so 0.6 = 6/10. Divide the numerator and denominator by 2: 6/10 = 3/5. Therefore, the fraction in simplest form is 3/5.","{""payload"":{""answer"":""3/5"",""acceptableAnswers"":[""3/5"",""3 over 5"",""three-fifths"",""three fifths"",""three over five""],""caseSensitive"":false,""hint"":""Write the decimal as tenths first.""}}",global,Fraction
a58ec050-33e8-4c74-a66a-0c164c5a7194,fitb,"A container holds 6 gallons when full. If it is filled to 7/12 of its capacity, the amount inside is ____ gallons.",Maths,5,Fraction Arithmetic,Multiplying Fractions,Students can solve word problems involving multiplication of fractions,hard,"Find 7/12 of 6: 7/12 × 6 = 42/12 = 7/2 = 3 1/2 gallons. Therefore, the amount inside is 3 1/2 gallons.","{""payload"":{""answer"":""3 1/2"",""acceptableAnswers"":[""3 1/2"",""7/2"",""3.5"",""3½"",""three and a half""],""caseSensitive"":false,""hint"":""Write 6 as 6/1 and simplify.""}}",US,Fraction
6c5c313b-47ca-4bb8-9fba-3510ea37df85,fitb,Apple crates cost more than banana crates. Orange crates cost less than banana crates. The cheapest crates are the ____ crates.,Maths,5,Logical Reasoning,Logical Deduction,Students can work through multi-step reasoning problems,medium,"Banana crates cost less than apple crates, and orange crates cost less than banana crates. Therefore, orange crates cost less than both other types and are the cheapest.","{""payload"":{""answer"":""orange"",""acceptableAnswers"":[""orange"",""orange crates"",""orange crate"",""the orange crates"",""the orange crate""],""caseSensitive"":false,""hint"":null}}",global,Text
bff587ff-e00f-4389-a06e-4b1b1934de87,fitb,"Suppose a fair die is rolled 48 times and 26 rolls are even. The theoretical probability of an even result is 3/6. Compared with the theoretical prediction, the experimental number of even results was ____.",Maths,5,Theoretical & Experimental Probability,Experimental Probability,Students can compare experimental results with theoretical predictions,medium,"The theoretical expected number is 3/6 × 48 = 1/2 × 48 = 24. The experiment produced 26 even results. Since 26 is greater than 24, the experimental result was greater than the theoretical prediction.","{""payload"":{""answer"":""greater than"",""acceptableAnswers"":[""greater than"",""more than"",""higher than"",""larger than"",""above""],""caseSensitive"":false,""hint"":""Find the theoretical expected number using 3/6 × 48, then compare it with 26.""}}",global,Text
177b90a0-4101-46a4-ad31-4b4cebcf329d,fitb,"Income is $475. Expenses are $125, $150, and $175. The budget is ____.",Maths,5,Budgeting & Simple Interest,Budgeting,Students can identify income and expenses and calculate if a budget balances,easy,"Total expenses are $125 + $150 + $175 = $450. Income is $25 more than the expenses, so the budget is not balanced and has a $25 surplus.","{""payload"":{""answer"":""not balanced"",""acceptableAnswers"":[""not balanced"",""unbalanced"",""not in balance"",""out of balance""],""caseSensitive"":false,""hint"":null}}",Ontario,Text
7f46b337-0bf9-4bc6-ac88-5740deddd078,fitb,Let a represent the number of apples and b represent the number of bananas. Simplify by collecting like terms: 8a - 2b + 5b - 3a = ____.,Maths,5,Algebraic Expressions,Writing & Simplifying Expressions,Students can simplify expressions by collecting like terms,hard,"Collect the like a-terms: 8a - 3a = 5a. Collect the like b-terms: -2b + 5b = 3b. Therefore, the simplified expression is 5a + 3b.","{""payload"":{""answer"":""5a + 3b"",""acceptableAnswers"":[""5a + 3b"",""5a+3b"",""3b + 5a"",""five a plus three b"",""three b plus five a""],""caseSensitive"":false,""hint"":""Group the terms containing a together and the terms containing b together.""}}",global,Text
bdf92a59-fcb3-4d7c-833e-83dc0fc98e13,fitb,Use one pair of brackets to make 2 + 10 ÷ 5 + 1 equal 3.4. Write the complete expression: ____,Maths,5,Number Sense & Operations,Order of Operations,Students can use brackets to change the order of evaluation,medium,"Without brackets, division comes first: 2 + 10 ÷ 5 + 1 = 2 + 2 + 1 = 5. Placing brackets around 2 + 10 makes that addition happen first: (2 + 10) ÷ 5 + 1 = 12 ÷ 5 + 1 = 3.4. The brackets therefore change the order of evaluation and the value.","{""payload"":{""answer"":""(2 + 10) ÷ 5 + 1"",""acceptableAnswers"":[""(2 + 10) ÷ 5 + 1"",""(2+10) ÷ 5 + 1"",""(2 + 10) / 5 + 1"",""(2+10)/5+1"",""(2 + 10) divided by 5 plus 1""],""caseSensitive"":false,""hint"":""Put the brackets around the addition that should happen before the division.""}}",global,Text
c4543ca1-3e37-4928-91c7-c0e08f40eca4,fitb,Find the highest common factor (HCF) of 20 and 30. ____,Maths,5,"Factors, Multiples & Primes",HCF & LCM,Students can find the highest common factor of two or more numbers,easy,"The common factors of 20 and 30 include 1, 2, 5, and 10. The greatest of these common factors is 10, so the HCF is 10.","{""payload"":{""answer"":""10"",""acceptableAnswers"":[""10"",""ten"",""HCF = 10"",""the HCF is 10"",""highest common factor is 10""],""caseSensitive"":false,""hint"":""List the factors of 20 and 30. The greatest factor that appears in both lists is the HCF.""}}",global,Text
6acd916c-7f78-42d9-a069-9a3439fca187,fitb,"A fruit market sold four kinds of fruit. Apples made up 0.4 of the total, bananas 0.3, oranges 0.2, and grapes 0.1. The market should use a ____ to show how the total is divided among the fruit.",Maths,5,Data Analysis,Graphs & Charts,Students can choose an appropriate graph type for a given data set,hard,"A pie chart, also called a circle graph, shows one whole divided into parts. The decimals total 1, so each decimal represents one part of all the fruit sold.","{""payload"":{""answer"":""pie chart"",""acceptableAnswers"":[""pie chart"",""pie graph"",""circle graph"",""circle chart"",""pie""],""caseSensitive"":false,""hint"":""Think about a graph that shows parts of one whole.""}}",global,Text
adf812d6-0620-4e80-ad36-a69073bc7700,fitb,Use the Vedic duplex method to find the square of 31. Fill in the blank: 31² = ____.,Maths,5,Vedic Mathematics,Advanced Squaring,Students can find squares of 2-digit numbers using Vedic duplex method,easy,"Using the duplex method, the hundreds part is 3² = 9, the tens part is 2 × 3 × 1 = 6, and the ones part is 1² = 1. Therefore, 31² = 900 + 60 + 1 = 961.","{""payload"":{""answer"":""961"",""acceptableAnswers"":[""961"",""nine hundred sixty-one"",""nine hundred and sixty-one"",""nine hundred sixty one"",""nine hundred and sixty one""],""caseSensitive"":false,""hint"":""Use the duplex method to find the hundreds, tens, and ones parts of 31².""}}",global,Text
ca83ad3e-c87d-4399-8676-d34a7d04361c,fitb,Calculate 8.204 - 3.101. Write the answer as a decimal: ____,Maths,5,Decimal Arithmetic,Adding & Subtracting Decimals,Students can add and subtract decimals up to three decimal places,easy,Line up the decimal points and subtract by place value. Subtracting 3.101 from 8.204 gives 5.103.,"{""payload"":{""answer"":""5.103"",""acceptableAnswers"":[""5.103"",""5.1030"",""five point one zero three"",""five and one hundred three thousandths""],""caseSensitive"":false,""hint"":""Line up the decimal points, then subtract each place value.""}}",global,Text
be610a07-18b7-488a-a9b2-83e45106d0f3,fitb,Find the difference. Write your answer as a fraction in simplest form: 5/6 - 1/4 = ____.,Maths,5,Fraction Arithmetic,Adding & Subtracting Unlike Fractions,Students can find a common denominator to add and subtract fractions,easy,"Use 12 as the common denominator. Rewrite 5/6 as 10/12 and 1/4 as 3/12. Then subtract the numerators: 10/12 - 3/12 = 7/12. Therefore, the difference in simplest form is 7/12.","{""payload"":{""answer"":""7/12"",""acceptableAnswers"":[""7/12"",""7 / 12"",""seven twelfths"",""seven over twelve"",""7⁄12""],""caseSensitive"":false,""hint"":""Find a common denominator: 6 and 4 both divide into 12. Rewrite both fractions with denominator 12, then subtract the numerators.""}}",global,Text
f6c9e8c9-bacb-4dae-a778-45de7704ebf3,fitb,Calculate 10% of 90. Answer: ____.,Maths,5,Percentages & Ratios,Understanding Percentages,Students can calculate a percentage of a quantity,easy,10% means one tenth. Divide 90 by 10: 90 ÷ 10 = 9.,"{""payload"":{""answer"":""9"",""acceptableAnswers"":[""9"",""9.0"",""nine""],""caseSensitive"":false,""hint"":""10% means one tenth. Divide 90 by 10.""}}",global,Text
3f34657f-a164-437d-877b-ba6be10ce10b,fitb,"Three objects are labeled A, B, and C. Object A is lighter than object B. Object B is lighter than object C. The heaviest object is ____.",Maths,5,Logical Reasoning,Logical Deduction,Students can work through multi-step reasoning problems,medium,"Object A is lighter than object B, and object B is lighter than object C. Therefore, object C is heavier than both other objects and is the heaviest.","{""payload"":{""answer"":""object C"",""acceptableAnswers"":[""object C"",""C"",""the object labeled C"",""the object labelled C""],""caseSensitive"":false,""hint"":null}}",global,Text
2b86d618-281a-4ed0-974d-42136d0dc8de,fitb,"In a box, there are 6 teddies and 2 toy trains. Write the ratio of teddies to toy trains in the order named, using the quantities given (do not simplify): ____.",Maths,5,Percentages & Ratios,Introduction to Ratio,Students can describe a ratio as a comparison of two quantities,easy,"A ratio compares two quantities in a stated order. There are 6 teddies and 2 toy trains, so the ratio is 6:2. The question asks for the quantities given, so the ratio is not simplified.","{""payload"":{""answer"":""6:2"",""acceptableAnswers"":[""6:2"",""6 : 2"",""6 to 2"",""six to two"",""six teddies to two toy trains""],""caseSensitive"":false,""hint"":null}}",global,Alphanumeric
612eb7b5-9bea-4967-9513-5ddf41e1aaa1,fitb,Calculate the simple interest on £100 at 5% per year for 2 years. Fill in the blank: ____,Maths,5,Budgeting & Simple Interest,Simple Interest,Students can calculate simple interest using the formula I = P × R × T,easy,"Use I = P × R × T. Convert 5% to 0.05: £100 × 0.05 × 2 = £10. Therefore, the simple interest is £10.","{""payload"":{""answer"":""£10"",""acceptableAnswers"":[""£10"",""£10.00"",""10"",""10 pounds"",""ten pounds""],""caseSensitive"":false,""hint"":""Use I = P × R × T. Convert 5% to 0.05, then multiply £100 by 0.05 and by 2.""}}",UK,Alphanumeric
89836ffa-9f32-4c4f-93db-72d4b2ea4173,fitb,Combine like terms in 9y - 4 + 3y + 1. The simplified expression is ____.,Maths,5,Algebraic Expressions,Writing & Simplifying Expressions,Students can simplify expressions by collecting like terms,medium,"Combine the like y-terms: 9y + 3y = 12y. Then combine the constants: -4 + 1 = -3. Therefore, the simplified expression is 12y - 3.","{""payload"":{""answer"":""12y - 3"",""acceptableAnswers"":[""12y - 3"",""12y-3"",""12 y - 3"",""12y minus 3"",""twelve y minus three""],""caseSensitive"":false,""hint"":""Add the y-terms, then combine the constants.""}}",global,Alphanumeric
4b38c9ca-5ae0-409e-8ff5-6389386e8af3,fitb,"A fair coin is flipped 30 times and lands heads 18 times. The theoretical probability of heads is 1/2. Compared with the theoretical probability, the experimental probability of heads is ____.",Maths,5,Theoretical & Experimental Probability,Experimental Probability,Students can compare experimental results with theoretical predictions,medium,"The experimental probability is 18/30 = 3/5 = 0.6. The theoretical probability for heads on a fair coin is 1/2 = 0.5. Since 0.6 is greater than 0.5, the experimental probability is greater.","{""payload"":{""answer"":""greater"",""acceptableAnswers"":[""greater"",""higher"",""larger"",""greater than 1/2"",""higher than 1/2""],""caseSensitive"":false,""hint"":null}}",global,Alphanumeric
000cae30-b9b9-4025-8772-742a820dd037,fitb,"The data set is 3, 5, 5, 7, 9, 9, 11. The median is 7. What are the modes? ____",Maths,5,Data Analysis,"Mean, Median & Mode",Students can identify the median and mode of a data set,hard,"The median is the middle value, 7. The mode is the value or values that appear most often. Both 5 and 9 appear twice, while the other values appear once, so the modes are 5 and 9.","{""payload"":{""answer"":""5 and 9"",""acceptableAnswers"":[""5 and 9"",""9 and 5"",""5, 9"",""9, 5"",""five and nine"",""nine and five"",""five, nine"",""nine, five""],""caseSensitive"":false,""hint"":""The middle number is not always the mode.""}}",global,Alphanumeric
640817c3-aaa6-4b44-82cd-ef57b61ac2bf,fitb,"The number 7,405,362 written in words is seven million four hundred five thousand ____.",Maths,5,Number Sense & Operations,Large Numbers,"Students can read, write, and work with numbers up to 10 million",easy,"The last three digits, 362, are read as three hundred sixty-two. Therefore, the completed number is seven million four hundred five thousand three hundred sixty-two.","{""payload"":{""answer"":""three hundred sixty-two"",""acceptableAnswers"":[""three hundred sixty-two"",""three hundred sixty two"",""three hundred and sixty-two"",""three hundred and sixty two""],""caseSensitive"":false,""hint"":null}}",global,Alphanumeric
38eee097-4757-4e2b-a9fe-d4b951de5b06,fitb,"A set contains 0.25, 1/4, 25%, and 0.5. Put numbers equivalent to one-quarter in Group A and all other numbers in Group B. The number 0.5 belongs in Group _____.",Maths,5,Logical Reasoning,Analogies & Classification,Students can classify items into groups using logical criteria,hard,"0.25, 1/4, and 25% are all equal to one-quarter, so they belong in Group A. Since 0.5 equals one-half rather than one-quarter, it belongs in Group B.","{""payload"":{""answer"":""B"",""acceptableAnswers"":[""B"",""Group B"",""B group"",""the second group""],""caseSensitive"":false,""hint"":""Compare each number with one-quarter, then place 0.5 in the appropriate group.""}}",global,Alphanumeric
2d5f1d01-c3df-4bfb-acc8-c50f7bebb48d,fitb,"Two cleaning machines run every 12 minutes and 18 minutes. If they started together at 8:00, they will next run together at ____.",Maths,5,"Factors, Multiples & Primes",HCF & LCM,Students can apply HCF and LCM to solve real-world problems,hard,"The least common multiple of 12 and 18 is 36, so the machines next run together 36 minutes after 8:00, at 8:36.","{""payload"":{""answer"":""8:36"",""acceptableAnswers"":[""8:36"",""08:36"",""eight thirty-six"",""36 minutes past eight"",""36 minutes after 8:00""],""caseSensitive"":false,""hint"":""Find the LCM first, then add that many minutes to 8:00.""}}",global,Alphanumeric
2d17ff6b-a7d0-4526-bc62-02f5673498ce,fitb,"In a coin collection, 0.48 of the coins are silver. What percentage of the coins are silver? ____",Maths,5,Percentages & Ratios,Understanding Percentages,"Students can convert between percentages, fractions, and decimals",medium,"To convert a decimal to a percentage, multiply it by 100. Since 0.48 × 100 = 48, 0.48 represents 48% of the coins.","{""payload"":{""answer"":""48%"",""acceptableAnswers"":[""48%"",""48 percent"",""48"",""forty-eight percent"",""forty-eight""],""caseSensitive"":false,""hint"":""Multiply the decimal by 100.""}}",global,Alphanumeric
52daf029-3889-408b-a379-919c19249923,fitb,Calculate the simple interest on $500 at 6% per year for 1 year. Write your answer in dollars: ____.,Maths,5,Budgeting & Simple Interest,Simple Interest,Students can solve real-life problems involving savings and borrowing,easy,"Use the simple-interest formula I = P × r × t. Here, P = $500, r = 0.06, and t = 1 year, so I = $500 × 0.06 × 1 = $30.","{""payload"":{""answer"":""$30"",""acceptableAnswers"":[""$30"",""30"",""30 dollars"",""thirty dollars"",""$30.00""],""caseSensitive"":false,""hint"":""Use simple interest = principal × rate × time. Write 6% as 0.06.""}}",Ontario,Alphanumeric
245fa1ee-8d8f-447e-8115-9c5584cfb3d4,fitb,Simplify the expression 4c + 3c: ____,Maths,5,Algebraic Expressions,Writing & Simplifying Expressions,Students can simplify expressions by collecting like terms,medium,"The terms 4c and 3c are like terms because they both contain c. Add their coefficients: 4 + 3 = 7, so the simplified expression is 7c.","{""payload"":{""answer"":""7c"",""acceptableAnswers"":[""7c"",""7 c"",""seven c"",""7 × c"",""7 times c""],""caseSensitive"":false,""hint"":""Add the coefficients of the like terms.""}}",global,Alphanumeric
a5c590b2-3781-4c46-b30f-5e259477910a,fitb,"A coin is flipped twice. Use H for heads and T for tails. Write the complete sample space in alphabetical order, separating the outcomes with commas: ____",Maths,5,Theoretical & Experimental Probability,Theoretical Probability,Students can list all outcomes using a sample space,hard,"Each flip can result in H or T. Combining the first flip with the second gives HH, HT, TH, and TT. These four outcomes make the complete sample space.","{""payload"":{""answer"":""HH, HT, TH, TT"",""acceptableAnswers"":[""HH, HT, TH, TT"",""HH,HT,TH,TT"",""HH HT TH TT"",""HH, HT, TH and TT"",""HH, HT, TH, and TT""],""caseSensitive"":false,""hint"":""List the two possible results for the first flip, and pair each one with both possible results for the second flip.""}}",global,Alphanumeric
24f3ff7e-c182-4438-847e-315f74e45a5d,fitb,Write 45% as a decimal: ____.,Maths,6,Fractions & Decimals,Converting Between Forms,"Students can convert between fractions, decimals, and percentages",medium,"To convert a percentage to a decimal, divide by 100: 45 ÷ 100 = 0.45.","{""payload"":{""answer"":""0.45"",""acceptableAnswers"":[""0.45"",""0.450"",""zero point four five"",""zero point 45"",""zero point four five zero""],""caseSensitive"":false,""hint"":null}}",global,Number
4b897611-09e8-40cf-99f9-fc3579a0ab3f,fitb,Estimate 202 ÷ 6 by using the nearest multiple of 6 as a compatible number: ____,Maths,6,Advanced Arithmetic,Estimation & Mental Maths,Students can use rounding and approximation to estimate answers,medium,"The nearest multiple of 6 to 202 is 204, which is closer than 198. Since 204 ÷ 6 = 34, the estimate is about 34.","{""payload"":{""answer"":""34"",""acceptableAnswers"":[""34"",""thirty-four"",""thirty four"",""about 34"",""approximately 34""],""caseSensitive"":false,""hint"":""Find the nearest multiple of 6 to 202, then divide it by 6.""}}",global,Number
36b411bd-fdea-4fea-8bd0-c94aa3d37723,fitb,The value of -3 - (-7) is ____.,Maths,6,Integers & Operations,Operations with Integers,Students can add and subtract integers using rules and number lines,medium,"Subtracting a negative is the same as adding its positive counterpart. Therefore, -3 - (-7) = -3 + 7 = 4.","{""payload"":{""answer"":""4"",""acceptableAnswers"":[""4"",""four"",""+4"",""positive 4"",""positive four""],""caseSensitive"":false,""hint"":""Change subtracting a negative into adding a positive.""}}",global,Number
ccdbcccd-c456-4bb4-8ab0-7cec369a21d2,fitb,Use the Vedic division-by-11 method to find the remainder when 694 is divided by 11: ____,Maths,6,Vedic Mathematics,Division Shortcuts,Students can apply Vedic methods for division by 9 and 11,easy,"The division gives a quotient of 63. Since 11 × 63 = 693 and 694 − 693 = 1, the remainder is 1.","{""payload"":{""answer"":""1"",""acceptableAnswers"":[""1"",""one"",""1.0"",""1.00""],""caseSensitive"":false,""hint"":null}}",global,Number
1d4a9d80-1812-4f77-b96e-796c3b9780c7,fitb,"Six seats are arranged in a row from left to right and numbered 1 to 6. Lea, Omar, Nia, Ravi, Sara, and Tom each occupy one seat. Lea is in seat 2, and Omar is immediately to her right. Sara is in seat 6. Nia is immediately to the left of Ravi. What is Ravi's seat number? ____",Maths,6,Logical Reasoning,Seating & Arrangement,Students can represent arrangement constraints and work through them systematically,hard,"Lea is in seat 2, so Omar is in seat 3. Sara occupies seat 6, leaving seats 1, 4, and 5 for Nia, Ravi, and Tom. Nia and Ravi must be in consecutive seats with Nia on the left. Seats 1 and 2 cannot be used because seat 2 is occupied by Lea, so Nia must be in seat 4 and Ravi in seat 5.","{""payload"":{""answer"":""5"",""acceptableAnswers"":[""5"",""five"",""seat 5"",""seat five"",""number 5""],""caseSensitive"":false,""hint"":""Place Lea and Omar first. Then use Sara's seat and the consecutive Nia–Ravi pair to narrow down the remaining seats.""}}",global,Number
3b2c95fe-71b7-4a42-9096-d285c6e1d639,fitb,"Evaluate both expressions, 3^3 and 27 + 1. Write the greater value in the blank: ____.",Maths,6,"Factors, Multiples & Exponents",Exponents & Powers,Students can write and evaluate expressions with whole number exponents,hard,"3^3 = 27, and 27 + 1 = 28. Since 28 is greater than 27, the greater value is 28.","{""payload"":{""answer"":""28"",""acceptableAnswers"":[""28"",""twenty-eight"",""twenty eight""],""caseSensitive"":false,""hint"":""Evaluate both expressions, then compare their values.""}}",global,Number
222be12b-c37d-430e-8c1c-9787e8d5def6,fitb,Write the missing term: 6(t - 5) = 6t + ____.,Maths,6,Algebraic Expressions,Simplifying Expressions,Students can expand brackets using the distributive property,hard,Multiply 6 by -5 to get -30. So 6(t - 5) = 6t - 30.,"{""payload"":{""answer"":""-30"",""acceptableAnswers"":[""-30"",""−30"",""negative 30"",""negative thirty"",""minus 30""],""caseSensitive"":false,""hint"":""Multiply 6 by -5.""}}",global,Number
c7614144-fbf5-4965-b64a-793e882c4311,fitb,The coefficient of y in 5y is ____.,Maths,6,Introduction to Algebra,Variables & Constants,"Students can identify variables, constants, and coefficients in algebraic expressions",easy,"In 5y, 5 multiplies y, so 5 is the coefficient of y.","{""payload"":{""answer"":""5"",""acceptableAnswers"":[""5"",""five"",""the number 5"",""the number five""],""caseSensitive"":false,""hint"":null}}",global,Number
cd5feefe-8fd6-4a02-b40d-2e77d9c1b402,fitb,"The median of 2, 4, 6, 8 is ____.",Maths,6,Statistics & Measures of Average,"Mean, Median, Mode & Range","Students can calculate mean, median, mode, and range for a data set",easy,"There are four numbers, so the median is the average of the two middle numbers, 4 and 6: (4 + 6) ÷ 2 = 5.","{""payload"":{""answer"":""5"",""acceptableAnswers"":[""5"",""five"",""5.0"",""5.00"",""five point zero""],""caseSensitive"":false,""hint"":""Find the average of the two middle numbers.""}}",global,Number
e4421357-619e-45b5-a0c9-488839ffa865,fitb,"A = {1, 4, 7, 9} and B = {4, 7}. The total number of different elements in A ∪ B is ____.",Maths,6,Set Theory,Set Operations,Students can find the union and intersection of two sets,hard,"Every element of B is already in A, so A ∪ B = {1, 4, 7, 9}. This set contains 4 different elements.","{""payload"":{""answer"":""4"",""acceptableAnswers"":[""4"",""four"",""4 elements"",""four elements"",""4 different elements""],""caseSensitive"":false,""hint"":""Check whether B adds any new element to A.""}}",global,Number
40b17947-b938-4e4d-b460-274e72894fec,fitb,"A table has one outcome cell for each possible combination of a juice and a snack. There are 2 juice choices—apple and orange—and 3 snack choices—chips, nuts, and fruit. How many outcome cells does the table need? ____",Maths,6,Probability: Events & Outcomes,Sample Space,Students can use a table or tree diagram to find all outcomes,easy,"Each of the 2 juices can be combined with each of the 3 snacks, so there are 2 × 3 = 6 possible outcomes. Therefore, the table needs 6 outcome cells.","{""payload"":{""answer"":""6"",""acceptableAnswers"":[""6"",""six"",""6 cells"",""six cells"",""6 outcome cells"",""six outcome cells""],""caseSensitive"":false,""hint"":null}}",global,Number
1a19d180-a7e4-4746-874d-93b2a8a5a12f,fitb,How many rectangular faces does the net of a triangular prism have? ____,Maths,6,"Area, Perimeter & Surface Area",Surface Area,Students can identify and sketch the net of a 3D shape,hard,"A triangular prism has two triangular faces and three rectangular faces. Therefore, its net has 3 rectangular faces.","{""payload"":{""answer"":""3"",""acceptableAnswers"":[""3"",""three"",""3 rectangular faces"",""three rectangular faces"",""3 rectangles"",""three rectangles""],""caseSensitive"":false,""hint"":""A triangular prism has two triangular ends. Each side of a triangular end connects to one rectangular face.""}}",global,Number
2745fd6b-3ef8-4d5b-a3d1-7f76784b7cef,fitb,Write 9/10 as a decimal: ____.,Maths,6,Fractions & Decimals,Converting Between Forms,"Students can convert between fractions, decimals, and percentages",easy,"9/10 means nine tenths. Dividing 9 by 10 gives 0.9, so 9/10 as a decimal is 0.9.","{""payload"":{""answer"":""0.9"",""acceptableAnswers"":[""0.9"","".9"",""0.90"","".90"",""0.900""],""caseSensitive"":false,""hint"":null}}",global,Number
c03cf6d0-61a8-46b1-a1d5-3ab60b0147e6,fitb,"A sign says that 12.5% of the bananas in a basket are ripe. As a fraction in simplest form, that is ____.",Maths,6,Fractions & Decimals,Converting Between Forms,"Students can convert between fractions, decimals, and percentages",hard,"12.5% means 12.5 out of 100, which is 0.125. Writing 0.125 as a fraction gives 125/1000, which simplifies to 1/8.","{""payload"":{""answer"":""1/8"",""acceptableAnswers"":[""1/8"",""1/8th"",""one eighth"",""one-eighth"",""1 over 8""],""caseSensitive"":false,""hint"":""You can first write 12.5% as a decimal.""}}",global,Fraction
7f96d270-76cb-44a5-ad7e-2d7298a3d5b2,fitb,The probability of rolling a number greater than 4 on a fair die is ____.,Maths,6,Probability: Events & Outcomes,Probability of Events,Students can calculate the probability of single and combined events,easy,"A fair die has six equally likely outcomes. The numbers greater than 4 are 5 and 6, so there are 2 favorable outcomes out of 6. The probability is 2/6, which simplifies to 1/3.","{""payload"":{""answer"":""1/3"",""acceptableAnswers"":[""1/3"",""2/6"",""one-third"",""one third"",""two-sixths"",""two sixths""],""caseSensitive"":false,""hint"":null}}",global,Fraction
cf2e2f7e-db48-4eb7-aabd-a81cadf19eef,fitb,\(5\frac{1}{4}-2\frac{5}{8}=\) ____,Maths,6,Fractions & Decimals,Operations with Fractions,"Students can add, subtract, multiply, and divide fractions and mixed numbers",medium,"Convert \(\frac{1}{4}\) to \(\frac{2}{8}\). Regroup \(5\frac{2}{8}\) as \(4\frac{10}{8}\), then subtract: \(4\frac{10}{8}-2\frac{5}{8}=2\frac{5}{8}\).","{""payload"":{""answer"":""2 5/8"",""acceptableAnswers"":[""2 5/8"",""21/8"",""two and five eighths"",""two and five-eighths"",""2 and 5/8""],""caseSensitive"":false,""hint"":""Rewrite 1/4 in eighths first.""}}",global,Fraction
a5949747-a941-44f7-8148-58f4e84fa715,fitb,A fair six-sided die is rolled once. What is the probability of rolling a 4? ____,Maths,6,Probability: Events & Outcomes,Probability of Events,Students can calculate the probability of single and combined events,medium,"A fair six-sided die has 6 equally likely outcomes. Only 1 outcome is a 4, so the probability is 1 out of 6, or 1/6.","{""payload"":{""answer"":""1/6"",""acceptableAnswers"":[""1/6"",""one sixth"",""one-sixth"",""1 out of 6"",""one in six""],""caseSensitive"":false,""hint"":""Count the total number of equally likely outcomes and the number of outcomes that show 4.""}}",global,Fraction
e8842613-aebe-427b-a6a0-f68ba1aba120,fitb,"A rope is 7/12 of a foot long. After 1/3 of a foot is used, the remaining length is ____ of a foot. Give your answer as a fraction in simplest form.",Maths,6,Fractions & Decimals,Operations with Fractions,Students can solve multi-step problems involving fractions,easy,"Rewrite 1/3 as 4/12. Subtract: 7/12 - 4/12 = 3/12. Simplify 3/12 by dividing the numerator and denominator by 3 to get 1/4. Therefore, the remaining length is 1/4 of a foot.","{""payload"":{""answer"":""1/4"",""acceptableAnswers"":[""1/4"",""1 / 4"",""one-fourth"",""one fourth"",""one quarter"",""one-quarter""],""caseSensitive"":false,""hint"":null}}",Australia,Fraction
541c2529-f36b-48c0-a400-47417bdd30cf,fitb,A spinner has 8 equal sections numbered 1 to 8. A fair coin is flipped independently of the spinner. The probability of landing on a multiple of 4 and getting heads is ____.,Maths,6,Probability: Events & Outcomes,Probability of Events,Students can calculate the probability of single and combined events,hard,"The multiples of 4 from 1 to 8 are 4 and 8, so the spinner probability is 2/8 = 1/4. Because the coin is fair, the probability of heads is 1/2. The outcomes are independent, so multiply: 1/4 × 1/2 = 1/8.","{""payload"":{""answer"":""1/8"",""acceptableAnswers"":[""1/8"",""0.125"",""one eighth"",""1 divided by 8"",""1 in 8""],""caseSensitive"":false,""hint"":""Find each probability first, then multiply.""}}",global,Fraction
c4a54b6e-9269-43d6-a649-51b2e12fc9ee,fitb,"On a treasure hunt, 1/2 of the path was finished before lunch and 3/10 of the path was finished after lunch. The total part of the path finished was ____.",Maths,6,Fractions & Decimals,Operations with Fractions,Students can solve multi-step problems involving fractions,medium,"Convert 1/2 to 5/10 so the denominators match. Then add 5/10 + 3/10 = 8/10, which simplifies to 4/5. Therefore, 4/5 of the path was finished.","{""payload"":{""answer"":""4/5"",""acceptableAnswers"":[""4/5"",""8/10"",""four fifths"",""four-fifths"",""eight tenths""],""caseSensitive"":false,""hint"":null}}",global,Fraction
8167bb4b-2a99-45d8-ac89-9f7dab30e3bc,fitb,"When two fair coins are flipped, the probability of getting exactly one head is ____.",Maths,6,Probability: Events & Outcomes,Probability of Events,Students can calculate the probability of single and combined events,medium,"The possible outcomes are HH, HT, TH, and TT. Exactly one head happens in HT and TH, so 2 out of 4 outcomes work. That is 1/2, which is also 0.5 or 50%.","{""payload"":{""answer"":""1/2"",""acceptableAnswers"":[""1/2"",""0.5"",""one half"",""half"",""50%"",""2/4""],""caseSensitive"":false,""hint"":""List all outcomes of two coin flips.""}}",global,Fraction
f115ff31-212d-48ac-bfa4-961d5e05c19b,fitb,"A key-shaped card used 3/8 of a page, and a gem-shaped card used 1/4 of the page. Together they used ____ of the page.",Maths,6,Fractions & Decimals,Operations with Fractions,Students can solve multi-step problems involving fractions,medium,"Rewrite 1/4 as 2/8 because 1/4 and 2/8 are equivalent. Then add 3/8 + 2/8 = 5/8, so the cards used five-eighths of the page altogether.","{""payload"":{""answer"":""5/8"",""acceptableAnswers"":[""5/8"",""5 / 8"",""5⁄8"",""five-eighths"",""five eighths""],""caseSensitive"":false,""hint"":null}}",global,Fraction
2a178ed5-2f75-4375-a335-c9093d8c0c73,fitb,The probability of getting tails when flipping a fair coin is ____.,Maths,6,Probability: Events & Outcomes,Probability of Events,Students can calculate the probability of single and combined events,easy,"A fair coin has 2 equally likely outcomes, and 1 of them is tails, so the probability is 1/2. This is also equal to 0.5 or 50%.","{""payload"":{""answer"":""1/2"",""acceptableAnswers"":[""1/2"",""0.5"",""one half"",""one-half"",""50%""],""caseSensitive"":false,""hint"":null}}",global,Fraction
05d8bbc2-9947-47dc-b6ef-3a362e28a98a,fitb,Write 0.6 as a fraction in simplest form: ____.,Maths,6,Fractions & Decimals,Converting Between Forms,"Students can convert between fractions, decimals, and percentages",easy,"0.6 means 6 tenths, so 0.6 = 6/10. Dividing the numerator and denominator by 2 gives 3/5, which is the fraction in simplest form.","{""payload"":{""answer"":""3/5"",""acceptableAnswers"":[""3/5"",""three-fifths"",""three fifths"",""3 over 5"",""three over five""],""caseSensitive"":false,""hint"":""Write 0.6 as 6/10, then simplify the fraction.""}}",global,Fraction
be476611-1d55-4bbf-ade3-db922daa2c7b,fitb,"A bag contains 2 apples, 3 bananas, 1 orange, and 4 grapes. If one fruit is chosen at random, the probability of choosing an apple or a grape is ____.",Maths,6,Probability: Events & Outcomes,Probability of Events,Students can calculate the probability of single and combined events,hard,"There are 2 + 3 + 1 + 4 = 10 fruits in total. There are 2 apples and 4 grapes, so 2 + 4 = 6 favorable fruits. The probability is 6/10, which simplifies to 3/5.","{""payload"":{""answer"":""3/5"",""acceptableAnswers"":[""3/5"",""6/10"",""0.6"",""three fifths"",""three-fifths"",""six tenths""],""caseSensitive"":false,""hint"":""Add the favorable outcomes before making the fraction.""}}",global,Fraction
bf174dfe-9027-4e9b-9d30-f83f79b73afa,fitb,\(4\frac{1}{5}-1\frac{3}{10}=\) ____,Maths,6,Fractions & Decimals,Operations with Fractions,"Students can add, subtract, multiply, and divide fractions and mixed numbers",medium,"Convert \(\frac{1}{5}\) to \(\frac{2}{10}\). Regroup \(4\frac{2}{10}\) as \(3\frac{12}{10}\), then subtract: \(3\frac{12}{10}-1\frac{3}{10}=2\frac{9}{10}\).","{""payload"":{""answer"":""2 9/10"",""acceptableAnswers"":[""2 9/10"",""29/10"",""two and nine tenths"",""2.9"",""2 and 9/10""],""caseSensitive"":false,""hint"":""Change fifths to tenths first.""}}",global,Fraction
9159152e-eebb-4a30-b97b-fc56a5dfa50e,fitb,Write 48 as a product of its prime factors using index notation. 48 = ____.,Maths,6,"Factors, Multiples & Exponents",Prime Factorisation,Students can express numbers as products of prime factors using index notation,hard,"48 = 2 × 2 × 2 × 2 × 3. The repeated factor 2 appears four times, so index notation gives 2^4 × 3.","{""payload"":{""answer"":""2^4 × 3"",""acceptableAnswers"":[""2^4 × 3"",""2^4 x 3"",""2^4*3"",""2⁴ × 3"",""3 × 2^4""],""caseSensitive"":false,""hint"":""Find the prime factors of 48 and group the repeated factors using an exponent.""}}",global,Text
1bbf7421-40f3-48fb-b175-dc9569b2f3e9,fitb,Use a friendly-number strategy to add 199 and 36. The sum is ____.,Maths,6,Advanced Arithmetic,Estimation & Mental Maths,Students can apply mental strategies for efficient calculation,medium,"Make 199 into 200: 200 + 36 = 236. Since 199 is 1 less than 200, subtract 1 from 236. The sum is 235.","{""payload"":{""answer"":""235"",""acceptableAnswers"":[""235"",""two hundred thirty-five"",""two hundred and thirty-five"",""two hundred thirty five"",""two hundred and thirty five""],""caseSensitive"":false,""hint"":""Make 199 into 200, add 36, and then subtract 1.""}}",global,Text
a4294ed0-236d-49c9-a559-0172dc39d5fc,fitb,"A taxi charges $6 as a starting fare and $3 for each mile. If m is the number of miles travelled and t is the total fare in dollars, complete the equation: t = ____.",Maths,6,Introduction to Algebra,Writing Equations,Students can write equations from real-life situations,medium,"The fixed starting fare is $6, and the charge for m miles is 3m dollars. Therefore, the total fare is t = 3m + 6.","{""payload"":{""answer"":""3m + 6"",""acceptableAnswers"":[""3m + 6"",""3m+6"",""6 + 3m"",""6+3m""],""caseSensitive"":false,""hint"":null}}",Ontario,Text
875972fd-de1f-44f7-bbba-7b9834c1aebc,fitb,"Complete the letter pattern: A, C, E, G, ____.",Maths,6,Logical Reasoning,Mirror & Pattern Puzzles,Students can solve embedded figure and missing character puzzles,easy,"Move forward two alphabet positions each time: A to C, C to E, and E to G. The next letter is I.","{""payload"":{""answer"":""I"",""acceptableAnswers"":[""I"",""letter I"",""the letter I"",""capital I"",""uppercase I""],""caseSensitive"":false,""hint"":""Look at how many alphabet positions the pattern moves forward each time.""}}",global,Text
04324d5d-efc6-49c0-aa2c-375c55e1d6db,fitb,"Write 0.675, 67%, 2/3, and 68% in order from least to greatest: ____",Maths,6,Fractions & Decimals,Converting Between Forms,"Students can order a mixed set of fractions, decimals, and percentages",hard,"Convert the percentages to decimals: 67% = 0.67 and 68% = 0.68. Also, 2/3 is approximately 0.667. Therefore, from least to greatest, the values are 2/3, 67%, 0.675, and 68%.","{""payload"":{""answer"":""2/3, 67%, 0.675, 68%"",""acceptableAnswers"":[""2/3, 67%, 0.675, 68%"",""2/3, 67 percent, 0.675, 68 percent"",""two-thirds, 67%, 0.675, 68%"",""2 ÷ 3, 67%, 0.675, 68%"",""2/3, 0.67, 0.675, 0.68""],""caseSensitive"":false,""hint"":""Convert 67% and 68% to decimals, then compare them with 2/3 and 0.675.""}}",global,Text
c79c33d3-580b-43b1-91e6-4f163381276c,fitb,"The elements in A but not B are {pencil, bag}; the elements in both A and B are {book}; and the elements in B but not A are {crayon}. The elements of set B are ____.",Maths,6,Set Theory,Set Operations,Students can represent set relationships using Venn diagrams,hard,"Set B contains the elements that are in B but not A together with the elements that are in both sets. Therefore, B contains crayon and book, so B = {book, crayon}.","{""payload"":{""answer"":""{book, crayon}"",""acceptableAnswers"":[""{book, crayon}"",""{book,crayon}"",""{crayon, book}"",""{crayon,book}"",""book, crayon"",""book,crayon"",""crayon, book"",""crayon,book""],""caseSensitive"":false,""hint"":""Set B contains its exclusive elements and the elements shared by both sets.""}}",global,Text
f04044ef-87c0-4d95-b1e9-9bb0cd9de886,fitb,The product of -5 and 12 is ____.,Maths,6,Integers & Operations,Operations with Integers,Students can multiply and divide integers and determine the sign of the result,medium,"A negative integer multiplied by a positive integer gives a negative product, so the result is negative.","{""payload"":{""answer"":""negative"",""acceptableAnswers"":[""negative"",""less than zero"",""below zero"",""a negative number"",""a negative integer""],""caseSensitive"":false,""hint"":null}}",global,Text
9f7a8302-45d7-4d41-8429-db88ea45450b,fitb,"A coin can show heads (H) or tails (T), and a die can show 1, 2, 3, 4, 5, or 6. Write every possible combined outcome as the coin letter followed by the die number. List all H outcomes first, then all T outcomes; within each group, use die numbers from 1 to 6: ____",Maths,6,Probability: Events & Outcomes,Sample Space,Students can list all possible outcomes for one or two events,medium,"Each coin result must be paired with every die result. The complete sample space is H1, H2, H3, H4, H5, H6, T1, T2, T3, T4, T5, and T6.","{""payload"":{""answer"":""H1, H2, H3, H4, H5, H6, T1, T2, T3, T4, T5, T6"",""acceptableAnswers"":[""H1, H2, H3, H4, H5, H6, T1, T2, T3, T4, T5, T6"",""H1,H2,H3,H4,H5,H6,T1,T2,T3,T4,T5,T6"",""H1; H2; H3; H4; H5; H6; T1; T2; T3; T4; T5; T6"",""H1 H2 H3 H4 H5 H6 T1 T2 T3 T4 T5 T6"",""H1, H2, H3, H4, H5, H6; T1, T2, T3, T4, T5, T6""],""caseSensitive"":false,""hint"":""Pair each of the two coin results with every die result from 1 to 6.""}}",global,Text
363fd148-396e-4169-af33-f75e5bbc35b8,fitb,"A set of values is 40, 55, 55, and 48. Comparing the first value with the final value, the overall trend is ____.",Maths,6,Statistics & Measures of Average,Interpreting Data,Students can draw conclusions and identify trends from statistical data,hard,"The final value, 48, is greater than the first value, 40. Therefore, the overall trend is increasing, even though the values rise and then fall in between.","{""payload"":{""answer"":""increasing"",""acceptableAnswers"":[""increasing"",""upward"",""rising"",""going up"",""an increase""],""caseSensitive"":false,""hint"":""Compare the first and final values.""}}",global,Text
8ac68645-bf4e-4d48-abd2-0cca531b69a7,fitb,The expanded form of 8(t + 2) is ____.,Maths,6,Algebraic Expressions,Simplifying Expressions,Students can expand brackets using the distributive property,easy,"Multiply 8 by each term inside the brackets: 8 × t = 8t and 8 × 2 = 16, so 8(t + 2) = 8t + 16.","{""payload"":{""answer"":""8t + 16"",""acceptableAnswers"":[""8t + 16"",""8t+16"",""16 + 8t"",""16+8t""],""caseSensitive"":false,""hint"":null}}",global,Text
2aa2877e-8325-496c-8904-efe926ff5072,fitb,"Use a Vedic division shortcut to solve 493 ÷ 9 and 250 ÷ 11. For each one, write the quotient followed by the remainder; separate the two answers with a semicolon: ____.",Maths,6,Vedic Mathematics,Division Shortcuts,Students can apply Vedic methods for division by 9 and 11,hard,"For 493 ÷ 9, 9 × 54 = 486 and 493 − 486 = 7, so the quotient and remainder are 54 and 7. For 250 ÷ 11, 11 × 22 = 242 and 250 − 242 = 8, so the quotient and remainder are 22 and 8. Therefore, the two results are (54, 7) and (22, 8).","{""payload"":{""answer"":""54, 7; 22, 8"",""acceptableAnswers"":[""54, 7; 22, 8"",""(54, 7); (22, 8)"",""54 remainder 7; 22 remainder 8"",""54 R7; 22 R8"",""quotient 54, remainder 7; quotient 22, remainder 8""],""caseSensitive"":false,""hint"":""Apply a Vedic division shortcut to each calculation, then check each result using divisor × quotient + remainder.""}}",global,Text
c5fe90d8-3d25-48c0-aba2-7c24ff00ad97,fitb,"A net has four equal squares joined in one straight row. A fifth square is joined to the top edge of the second square, and a sixth square is joined to the bottom edge of the second square. When folded, the net makes a ____ .",Maths,6,"Area, Perimeter & Surface Area",Surface Area,Students can identify and sketch the net of a 3D shape,easy,"The four squares in the row wrap around the four side faces. The squares attached above and below the second square become the top and bottom faces, so the net folds into a cube.","{""payload"":{""answer"":""cube"",""acceptableAnswers"":[""cube"",""a cube"",""cube shape"",""cubical shape"",""cube-shaped solid""],""caseSensitive"":false,""hint"":null}}",global,Text
94786d9b-062f-4e20-b170-09d190b559e5,fitb,"A streaming service costs £9 each month. For m months, the cost is c = ____.",Maths,6,Introduction to Algebra,Writing Equations,Students can write equations from real-life situations,easy,"The service charges £9 for each month. For m months, multiply 9 by m, so the total cost is c = 9m.","{""payload"":{""answer"":""9m"",""acceptableAnswers"":[""9m"",""9*m"",""9 m"",""9 * m"",""9 × m"",""9 times m""],""caseSensitive"":false,""hint"":null}}",UK,Alphanumeric
ba4cc180-103e-40e6-8eba-b09656660a71,fitb,Expand and simplify 7(3p - 2) + 5 to get ____.,Maths,6,Algebraic Expressions,Simplifying Expressions,Students can expand brackets using the distributive property,hard,"Use the distributive property: 7(3p - 2) = 21p - 14. Then combine the constant terms: -14 + 5 = -9. Therefore, the simplified expression is 21p - 9.","{""payload"":{""answer"":""21p - 9"",""acceptableAnswers"":[""21p - 9"",""21p-9"",""21 p - 9"",""21p − 9"",""21p + (-9)""],""caseSensitive"":false,""hint"":""Expand first, then combine the number terms.""}}",global,Alphanumeric
17c96700-e192-4bfc-84a9-c108498c23e9,fitb,A vertical-mirror transformation reverses the left-to-right order of separate symbols. Apply this rule to the sequence AB12. Write the resulting sequence from left to right: ____,Maths,6,Logical Reasoning,Mirror & Pattern Puzzles,Students can identify mirror and water images of shapes and figures,easy,"A vertical-mirror transformation reverses the order of the symbols. Reversing A, B, 1, 2 gives 2, 1, B, A, so the answer is 21BA.","{""payload"":{""answer"":""21BA"",""acceptableAnswers"":[""21BA"",""2 1 B A"",""2-1-B-A"",""2, 1, B, A""],""caseSensitive"":false,""hint"":null}}",global,Alphanumeric
a2ebaa71-ed48-4593-ada9-f5c4a3390db8,fitb,"Complete the ascending list by writing 7/20 as a decimal: 3/10, ____, 36%, 0.41.",Maths,6,Fractions & Decimals,Converting Between Forms,"Students can order a mixed set of fractions, decimals, and percentages",medium,"Convert the values to decimals: 3/10 = 0.30, 7/20 = 0.35, 36% = 0.36, and 0.41 = 0.41. Since 0.30 < 0.35 < 0.36 < 0.41, the blank is 0.35.","{""payload"":{""answer"":""0.35"",""acceptableAnswers"":[""0.35"","".35"",""0.350"",""0.3500""],""caseSensitive"":false,""hint"":""Convert 7/20 to a decimal, then compare it with the other values.""}}",global,Alphanumeric
bfde3ae4-82ea-4831-b3bd-11448a6cd2bd,fitb,"A bank account has a balance of -$12. Then, $20 is deposited. What is the new balance? ____",Maths,6,Integers & Operations,Operations with Integers,Students can apply integer operations to real-world contexts such as temperature and debt,medium,"The deposit adds $20 to the starting balance: -$12 + $20 = $8. Therefore, the new balance is $8.","{""payload"":{""answer"":""$8"",""acceptableAnswers"":[""$8"",""8"",""8.00"",""8 dollars"",""eight dollars""],""caseSensitive"":false,""hint"":""Add the deposit to the starting balance: -12 + 20.""}}",US,Alphanumeric
0aa4e3e1-3a20-486d-be7b-71c7c81e7d4c,fitb,"A coin is flipped, then a spinner with red, blue, and green is used. If the listed outcomes are H-red, H-blue, T-red, T-blue, and T-green, the missing outcome is ____.",Maths,6,Probability: Events & Outcomes,Sample Space,Students can use a table or tree diagram to find all outcomes,hard,"There are two coin results, H and T, and three spinner results, red, blue, and green, giving six outcomes altogether. H is already paired with red and blue, so the only missing outcome is H-green.","{""payload"":{""answer"":""H-green"",""acceptableAnswers"":[""H-green"",""H green"",""heads-green"",""heads green""],""caseSensitive"":false,""hint"":""List all 2 × 3 outcomes systematically.""}}",global,Alphanumeric
9ca89bdb-b05b-4c2f-84b5-690dce957a77,fitb,Evaluate the expression (18 + 7^2) ÷ 5. Its value is ____.,Maths,6,Advanced Arithmetic,Operations with Large Numbers,Students can apply order of operations including brackets and exponents,medium,"First calculate the exponent: 7^2 = 49. Then evaluate the brackets: 18 + 49 = 67. Finally, divide 67 by 5 to get 13.4, which is also 13 2/5.","{""payload"":{""answer"":""13.4"",""acceptableAnswers"":[""13.4"",""13.40"",""thirteen point four"",""13 2/5"",""thirteen and two fifths""],""caseSensitive"":false,""hint"":""Work inside the brackets after finding the exponent.""}}",global,Alphanumeric
eb63ab44-0c26-4c52-b75f-827014dda7fe,fitb,A class collects x cans each week for 5 weeks and then donates 8 cans. The number of cans left is ____.,Maths,6,Introduction to Algebra,Variables & Constants,Students can translate word problems into algebraic expressions,hard,"Collecting x cans for each of 5 weeks gives 5 × x, which is written as 5x. Subtracting the 8 donated cans gives 5x − 8.","{""payload"":{""answer"":""5x - 8"",""acceptableAnswers"":[""5x - 8"",""5x-8"",""5 × x - 8"",""x × 5 - 8"",""5 times x minus 8""],""caseSensitive"":false,""hint"":""Total collected first, then subtract the donated cans.""}}",global,Alphanumeric
4089cee6-acb6-4898-8e69-a7f84cc299e4,fitb,Simplify 9a - 2a = ____.,Maths,6,Algebraic Expressions,Simplifying Expressions,Students can simplify algebraic expressions by collecting like terms,easy,"Both terms are like terms because they contain the same variable, a. Subtract the coefficients: 9 - 2 = 7. Therefore, 9a - 2a = 7a.","{""payload"":{""answer"":""7a"",""acceptableAnswers"":[""7a"",""7 a"",""7*a"",""7 × a"",""7 times a""],""caseSensitive"":false,""hint"":null}}",global,Alphanumeric
e60684e6-2aff-4fd8-a1c3-ba7307ee3718,fitb,"In the pattern B2, D4, F6, H8, the next term is ____.",Maths,6,Logical Reasoning,Mirror & Pattern Puzzles,Students can solve embedded figure and missing character puzzles,medium,"The letters advance by two alphabet positions: B, D, F, H, J. The numbers also increase by 2: 2, 4, 6, 8, 10. Therefore, the next term is J10.","{""payload"":{""answer"":""J10"",""acceptableAnswers"":[""J10"",""J 10"",""J ten"",""J and 10"",""J and ten""],""caseSensitive"":false,""hint"":""Track both the letters and the numbers.""}}",global,Alphanumeric
6d015fa7-ff1e-4d6b-905e-82cc224a0b28,fitb,"Arrange these four values from smallest to largest: 3/4, 0.72, 71%, and 0.8. Write the ordered list in the blank: ____.",Maths,6,Fractions & Decimals,Converting Between Forms,"Students can order a mixed set of fractions, decimals, and percentages",easy,"Convert the values to decimals to compare them: 71% = 0.71, 0.72 = 0.72, 3/4 = 0.75, and 0.8 = 0.80. Since 0.71 < 0.72 < 0.75 < 0.80, the values are ordered as 71%, 0.72, 3/4, 0.8.","{""payload"":{""answer"":""71%, 0.72, 3/4, 0.8"",""acceptableAnswers"":[""71%, 0.72, 3/4, 0.8"",""71 percent, 0.72, 3/4, 0.8"",""71%, .72, 3/4, .8"",""71%, 0.72, 3/4, 0.80"",""0.71, 0.72, 0.75, 0.8""],""caseSensitive"":false,""hint"":null}}",global,Alphanumeric
a79f18ea-fe45-41ee-833d-1d05d96d8b66,fitb,Complete the comparison using < or an equivalent phrase: -3 ____ 2.,Maths,6,Integers & Operations,Understanding Integers,Students can compare and order positive and negative integers,medium,"A negative integer is less than any positive integer. Therefore, -3 is less than 2, so the blank can be filled with < or a phrase meaning “less than.”","{""payload"":{""answer"":""<"",""acceptableAnswers"":[""<"",""less than"",""is less than"",""smaller than"",""is smaller than""],""caseSensitive"":false,""hint"":""Any negative integer is less than any positive integer.""}}",global,Alphanumeric
c7231279-9c0f-410e-8716-38ce7aba2538,fitb,"If £1,600 earns £256 simple interest in 4 years, the annual rate is ____%.",Maths,7,Financial Mathematics,Tax & Simple Interest,Students can apply the simple interest formula to savings and loan problems,medium,"Use I = P × r × t, so r = I ÷ (P × t). r = 256 ÷ (1600 × 4) = 256 ÷ 6400 = 0.04 = 4%.","{""payload"":{""answer"":""4"",""acceptableAnswers"":[""4"",""4.0"",""4.00"",""four"",""four point zero""],""caseSensitive"":false,""hint"":""First find r as a decimal, then convert to a percent.""}}",UK,Number
df13f130-cd90-442a-8b65-2696d035a4fc,fitb,"If P(not getting heads) = 0.3, then P(getting heads) = ____.",Maths,7,Compound Probability,Complementary Probability,Students can solve problems using P(A) + P(not A) = 1,easy,"Getting heads and not getting heads are complementary events, so their probabilities add to 1. Therefore, P(getting heads) = 1 - 0.3 = 0.7.","{""payload"":{""answer"":""0.7"",""acceptableAnswers"":[""0.7"","".7"",""0.70"",""7/10"",""seven tenths""],""caseSensitive"":false,""hint"":null}}",global,Number
9ed1b38b-3b07-45df-a854-75b58da3d2f4,fitb,"A movie ticket costs $8. A one-time booking fee of $5 is added to the order. If the total cost is $29, the number of tickets is ____.",Maths,7,Linear Equations,Solving Two-Step Equations,Students can write and solve equations from word problems,medium,"Let t be the number of tickets. Because the $5 booking fee is charged once, the equation is 8t + 5 = 29. Subtract 5 from both sides to get 8t = 24, then divide by 8 to get t = 3. Therefore, 3 tickets were bought.","{""payload"":{""answer"":""3"",""acceptableAnswers"":[""3"",""three"",""3 tickets"",""three tickets""],""caseSensitive"":false,""hint"":null}}",Australia,Number
c9d14b1e-d786-4349-8ad9-bc227ec915c6,fitb,A toy store refunds 3/8 of the $48 price of a game and deducts a $1.50 processing fee from the refund. The customer receives $____.,Maths,7,Rational Numbers,Operations with Rationals,Students can solve real-world problems involving rational numbers,hard,"First find 3/8 of $48: 3/8 × 48 = 18, so the refund is $18. Then subtract the $1.50 processing fee: $18 − $1.50 = $16.50.","{""payload"":{""answer"":""16.5"",""acceptableAnswers"":[""16.5"",""16.50"",""sixteen point five"",""sixteen dollars and fifty cents"",""sixteen dollars fifty cents""],""caseSensitive"":false,""hint"":""Find 3/8 of 48 first, then subtract the processing fee.""}}",Australia,Number
f042bd8b-e2bf-4ee4-8306-0a68c1fdf8dd,fitb,Evaluate -15 - 6 + 10 = ____.,Maths,7,Integer Operations,All Integer Operations,Students can solve multi-step problems involving integers,easy,"First, subtract 6 from -15 to get -21. Then add 10: -21 + 10 = -11.","{""payload"":{""answer"":""-11"",""acceptableAnswers"":[""-11"",""negative 11"",""negative eleven"",""-11.0"",""-11.00""],""caseSensitive"":false,""hint"":null}}",global,Number
ea5b4e85-6920-4c24-a0e7-5a0ff5e14070,fitb,Simplify: (3^2)^4 = 3^____.,Maths,7,Exponents & Powers,Laws of Exponents,Students can simplify expressions involving powers,easy,"When raising a power to another power, multiply the exponents: 2 × 4 = 8. Therefore, (3^2)^4 = 3^8.","{""payload"":{""answer"":""8"",""acceptableAnswers"":[""8"",""eight""],""caseSensitive"":false,""hint"":null}}",global,Number
59f07d1c-9915-46ea-927f-b8dda44a9ef1,fitb,A price rises by 50% and becomes £54. The starting price was ____.,Maths,7,Percentages,Percentage Problems,Students can work backwards from a percentage to find the original value,easy,"A 50% rise means the new price is 150% of the original price, or 1.5 times the original. So the starting price was £54 ÷ 1.5 = £36.","{""payload"":{""answer"":""36"",""acceptableAnswers"":[""36"",""36.0"",""36.00"",""thirty-six"",""thirty six"",""£36"",""£36.00"",""36 pounds"",""thirty-six pounds""],""caseSensitive"":false,""hint"":null}}",UK,Number
27de6c42-7b4d-4e7c-bb90-a2d9d574546f,fitb,"A deposit of AED 800 earns 5% interest per year for 2 years. What is the difference, in AED, between its final amount with annual compound interest and its final amount with simple interest? ____",Maths,7,"Tax, Interest & Financial Decisions",Compound Interest,Students can calculate compound interest and compare it to simple interest,medium,"With simple interest, the final amount is 800(1 + 0.05 × 2) = AED 880. With compound interest, the final amount is 800(1.05)^2 = AED 882. The difference is 882 − 880 = AED 2.","{""payload"":{""answer"":""2"",""acceptableAnswers"":[""2"",""2.0"",""2.00"",""two"",""2 AED"",""AED 2"",""two AED""],""caseSensitive"":false,""hint"":null}}",UAE,Number
fbb345f7-3d0e-476a-b4b2-0f35230b174e,fitb,"If P = 3a, then when a = 7, P = ____.",Maths,7,Algebraic Expressions,Working with Formulae,Students can substitute values into formulae and evaluate,easy,Substitute a = 7 into P = 3a: P = 3 × 7 = 21.,"{""payload"":{""answer"":""21"",""acceptableAnswers"":[""21"",""21.0"",""twenty-one"",""twenty one""],""caseSensitive"":false,""hint"":null}}",global,Number
8e2d3528-44f4-4f8c-a5c9-6c4e42b32b74,fitb,A circular field has diameter 18 m. A fence is placed around it and costs $5 per metre. The total fencing cost is $____. (Use π = 3.14),Maths,7,Perimeter & Area,Circles: Circumference & Area,Students can solve problems involving circular regions,medium,"Circumference = πd = 3.14 × 18 = 56.52 m. Cost = 56.52 × $5 = $282.60, so enter 282.60 in the blank.","{""payload"":{""answer"":""282.60"",""acceptableAnswers"":[""282.6"",""282.60""],""caseSensitive"":false,""hint"":""First find the circumference, then multiply by the cost per metre.""}}",Ontario,Number
1b02e0f1-1bd4-404d-b642-47665a92f640,fitb,The smallest positive integer n that makes 7/(2²×5×n) a recurring decimal is ____.,Maths,7,Fraction & Decimal Operations,Recurring Decimals,Students can identify which fractions produce terminating vs recurring decimals,hard,"For a fraction in lowest terms, the decimal terminates only when the denominator has no prime factors other than 2 and 5. For n=1, the denominator is 20, and for n=2, it is 40; both give terminating decimals. The next positive integer is n=3, giving 7/(20×3)=7/60. The factor 3 does not cancel with 7, so 7/60 is recurring. Therefore, n=3.","{""payload"":{""answer"":""3"",""acceptableAnswers"":[""3"",""three"",""3.0"",""3.00""],""caseSensitive"":false,""hint"":""Check the smallest positive values of n. After reducing the fraction, a terminating denominator has only prime factors 2 and 5.""}}",global,Number
2cb9f269-55da-4d9e-b87d-80e6bb7a3e59,fitb,"Using base 100, 113 × 88 = ____.",Maths,7,Vedic Mathematics,Speed Multiplication,Students can use Vedic techniques to multiply numbers above and below a base,hard,"Using base 100, the deviations are +13 and −12. Cross-adjust the first number: 113 − 12 = 101. Then 113 × 88 = 101 × 100 + 13 × (−12) = 10,100 − 156 = 9,944.","{""payload"":{""answer"":""9944"",""acceptableAnswers"":[""9944"",""9,944"",""nine thousand nine hundred forty-four"",""nine thousand nine hundred and forty-four"",""9944.00""],""caseSensitive"":false,""hint"":""Find the cross-adjusted left part first, then handle the negative product of the deviations carefully.""}}",global,Number
de28ed5d-9e37-4360-bda2-ad32b55d656e,fitb,"Using the scores 12, 15, 12, 18, 15, 12, the frequency of 15 is ____.",Maths,7,Statistics & Central Tendency,Data Representation,"Students can draw and interpret frequency tables, histograms, and stem-and-leaf plots",medium,"The score 15 occurs twice in the list, so its frequency is 2.","{""payload"":{""answer"":""2"",""acceptableAnswers"":[""2"",""two"",""2 times"",""two times"",""2 occurrences""],""caseSensitive"":false,""hint"":null}}",global,Number
835c3396-d294-4d2c-afd7-7885e0da69de,fitb,Write the rational number 12/20 in standard form as a fraction in lowest terms: ____,Maths,7,Rational Numbers,Understanding Rational Numbers,Students can express rational numbers in standard form,easy,"Divide the numerator and denominator by their greatest common factor, 4: 12 ÷ 4 = 3 and 20 ÷ 4 = 5. Therefore, the fraction in lowest terms is 3/5.","{""payload"":{""answer"":""3/5"",""acceptableAnswers"":[""3/5"",""3 / 5"",""three-fifths"",""three fifths"",""three over five""],""caseSensitive"":false,""hint"":""Divide both the numerator and denominator by their greatest common factor.""}}",global,Fraction
d22c9483-15b4-47f7-9ae5-d7f43a3220c9,fitb,Calculate \(\left(7\frac{1}{2}-2\frac{3}{8}\right)\times\left(\frac{4}{9}+\frac{5}{6}\right)=\) ____,Maths,7,Fraction & Decimal Operations,Complex Fraction Operations,Students can perform all four operations with fractions and mixed numbers fluently,hard,"Use a common denominator in each bracket. Since \(7\frac{1}{2}=\frac{60}{8}\) and \(2\frac{3}{8}=\frac{19}{8}\), the first bracket equals \(\frac{41}{8}\). Also, \(\frac{4}{9}=\frac{8}{18}\) and \(\frac{5}{6}=\frac{15}{18}\), so the second bracket equals \(\frac{23}{18}\). Therefore, \(\frac{41}{8}\times\frac{23}{18}=\frac{943}{144}=6\frac{79}{144}\).","{""payload"":{""answer"":""6 79/144"",""acceptableAnswers"":[""6 79/144"",""943/144"",""6 79 / 144"",""943 / 144"",""6 and 79/144""],""caseSensitive"":false,""hint"":""Use a common denominator in each bracket first.""}}",global,Fraction
0d5e297c-d950-4591-9780-8c154383f606,fitb,"The probability of selecting a lion card is 3/8, and the probability of getting tails twice in a row when flipping a coin is 1/4. If the card selection and the coin flips are independent, the probability that both events occur is ____.",Maths,7,Compound Probability,Compound Events,Students can calculate the probability of two independent events occurring,medium,"For independent events, multiply their probabilities: 3/8 × 1/4 = 3/32. Therefore, the probability that both events occur is 3/32.","{""payload"":{""answer"":""3/32"",""acceptableAnswers"":[""3/32"",""0.09375"",""9.375%"",""three thirty-seconds"",""3 out of 32""],""caseSensitive"":false,""hint"":""Multiply the probabilities of the two independent events.""}}",global,Fraction
387ce2b8-9e11-499e-a6d5-1a03fd0800a0,fitb,Evaluate 10^0 - 2^(-1) = ____.,Maths,7,Exponents & Powers,Negative & Zero Exponents,Students can evaluate expressions with zero and negative exponents,easy,"10^0 = 1, and 2^(-1) = 1/2 because a negative exponent means the reciprocal. Therefore, 1 - 1/2 = 1/2.","{""payload"":{""answer"":""1/2"",""acceptableAnswers"":[""1/2"",""½"",""0.5"",""one-half"",""one half""],""caseSensitive"":false,""hint"":null}}",global,Fraction
328f416a-695f-463f-b25a-8655ec27adcc,fitb,Write 30/-45 in standard form: ____.,Maths,7,Rational Numbers,Understanding Rational Numbers,Students can express rational numbers in standard form,easy,"To write 30/-45 in standard form, first make the denominator positive: 30/-45 = -30/45. Then divide the numerator and denominator by 15 to get -2/3.","{""payload"":{""answer"":""-2/3"",""acceptableAnswers"":[""-2/3"",""-2 / 3"",""negative two thirds"",""minus two thirds""],""caseSensitive"":false,""hint"":""Make the denominator positive before simplifying.""}}",global,Fraction
344d26b8-ed0a-4d86-b469-4ba18a9e502f,fitb,\(\left(1\frac{7}{10}+2\frac{2}{5}\right)\div\left(\frac{3}{4}\times\frac{8}{15}\right)=\) ____,Maths,7,Fraction & Decimal Operations,Complex Fraction Operations,Students can perform all four operations with fractions and mixed numbers fluently,hard,"Add first: \(1\frac{7}{10}=\frac{17}{10}\) and \(2\frac{2}{5}=\frac{12}{5}=\frac{24}{10}\), so the total is \(\frac{41}{10}\). In the second pair of parentheses, \(\frac{3}{4}\times\frac{8}{15}=\frac{2}{5}\). Then \(\frac{41}{10}\div\frac{2}{5}=\frac{41}{10}\times\frac{5}{2}=\frac{41}{4}=10\frac{1}{4}\).","{""payload"":{""answer"":""10 1/4"",""acceptableAnswers"":[""10 1/4"",""41/4"",""10¼"",""10.25"",""10 and 1/4""],""caseSensitive"":false,""hint"":""Simplify the product in the second pair of parentheses first.""}}",global,Fraction
c3141bd5-2e4f-40a2-bd18-32292d534518,fitb,"A card is drawn and a coin is flipped independently. The probability of drawing a heart is 1/4, and the probability of getting heads is 1/2. The probability that both events occur is ____.",Maths,7,Compound Probability,Compound Events,Students can calculate the probability of two independent events occurring,easy,"Because the events are independent, multiply their probabilities: 1/4 × 1/2 = 1/8. Therefore, the probability that both events occur is 1/8.","{""payload"":{""answer"":""1/8"",""acceptableAnswers"":[""1/8"",""0.125"",""one eighth"",""one-eighth"",""1 ÷ 8"",""1 divided by 8""],""caseSensitive"":false,""hint"":null}}",global,Fraction
2d77f7fb-12cd-481b-bf0a-8d819fad4f2f,fitb,Evaluate 3^-2 and write your answer as a fraction: ____.,Maths,7,Exponents & Powers,Negative & Zero Exponents,Students can evaluate expressions with zero and negative exponents,easy,"A negative exponent means take the reciprocal of the corresponding positive power. Therefore, 3^-2 = 1/(3^2) = 1/9.","{""payload"":{""answer"":""1/9"",""acceptableAnswers"":[""1/9"",""one ninth"",""one-ninth"",""1 over 9"",""one over nine""],""caseSensitive"":false,""hint"":null}}",global,Fraction
90a32184-9c21-47db-83bb-b10eea3d0088,fitb,A diver is 3/4 km below sea level and rises 1/2 km. What is the diver's new position relative to sea level? ____ km.,Maths,7,Rational Numbers,Operations with Rationals,Students can solve real-world problems involving rational numbers,easy,"Being below sea level gives the diver a starting position of -3/4 km. Rising 1/2 km means adding 1/2: -3/4 + 1/2 = -3/4 + 2/4 = -1/4. Therefore, the diver's new position is -1/4 km relative to sea level.","{""payload"":{""answer"":""-1/4"",""acceptableAnswers"":[""-1/4"",""-0.25"",""negative one-fourth"",""negative one quarter"",""negative 0.25""],""caseSensitive"":false,""hint"":""Rewrite 1/2 as 2/4, then add it to -3/4.""}}",global,Fraction
fc8dc9ea-186c-45a4-bf91-b001362d2721,fitb,\(3\frac{3}{5}\times\left(2\frac{2}{3}+1\frac{1}{9}\right)-\frac{5}{6}=\) ____,Maths,7,Fraction & Decimal Operations,Complex Fraction Operations,Students can perform all four operations with fractions and mixed numbers fluently,hard,"Convert the mixed numbers: \(3\frac{3}{5}=\frac{18}{5}\), \(2\frac{2}{3}=\frac{8}{3}\), and \(1\frac{1}{9}=\frac{10}{9}\). Add inside the parentheses: \(\frac{8}{3}+\frac{10}{9}=\frac{24}{9}+\frac{10}{9}=\frac{34}{9}\). Multiply: \(\frac{18}{5}\times\frac{34}{9}=\frac{68}{5}\). Subtract \(\frac{5}{6}\): \(\frac{68}{5}-\frac{5}{6}=\frac{408}{30}-\frac{25}{30}=\frac{383}{30}=12\frac{23}{30}\).","{""payload"":{""answer"":""12 23/30"",""acceptableAnswers"":[""12 23/30"",""12 23 / 30"",""383/30"",""12 and 23/30"",""twelve and twenty-three thirtieths"",""383 ÷ 30"",""383 divided by 30""],""caseSensitive"":false,""hint"":""Add inside the parentheses before multiplying.""}}",global,Fraction
28234456-4efa-4f85-82c8-9dc96a734f7b,fitb,"The probability of choosing a book is 5/12. On a fair spinner labeled 1 through 8, the probability of landing on a multiple of 3 is 1/4. Assume these two events are independent. What is the probability that both events occur? Give your answer as a fraction in simplest form: ____",Maths,7,Compound Probability,Compound Events,Students can calculate the probability of two independent events occurring,medium,"Because the events are independent, multiply their probabilities: 5/12 × 1/4 = 5/48. On the spinner, 3 and 6 are multiples of 3, so the spinner probability is 2/8 = 1/4.","{""payload"":{""answer"":""5/48"",""acceptableAnswers"":[""5/48"",""5 / 48"",""5 over 48"",""five over forty-eight"",""five forty-eighths""],""caseSensitive"":false,""hint"":""For independent events, multiply their probabilities.""}}",global,Fraction
f32a2ea9-9cda-4278-a01c-ae268ed6033d,fitb,Evaluate the expression 5^0 + 5^-2. Enter its value: ____.,Maths,7,Exponents & Powers,Negative & Zero Exponents,Students can evaluate expressions with zero and negative exponents,medium,Use the exponent rules: 5^0 = 1 and 5^-2 = 1/5^2 = 1/25. Then add the two values: 1 + 1/25 = 25/25 + 1/25 = 26/25. This is also equal to 1.04.,"{""payload"":{""answer"":""26/25"",""acceptableAnswers"":[""26/25"",""1.04"",""1 1/25"",""twenty-six twenty-fifths"",""26 over 25""],""caseSensitive"":false,""hint"":""Use the rules a^0 = 1 and a^-n = 1/a^n, then add the two terms.""}}",global,Fraction
7d52a6fa-a4f8-4bce-b6f1-6c09039b871b,fitb,"A point is 5/4 units to the left of 1 on a number line, so its coordinate is ____.",Maths,7,Rational Numbers,Understanding Rational Numbers,Students can define rational numbers and represent them on a number line,hard,"Moving 5/4 units left from 1 means subtracting 5/4: 1 - 5/4 = 4/4 - 5/4 = -1/4. Therefore, the coordinate is -1/4, which is also -0.25.","{""payload"":{""answer"":""-1/4"",""acceptableAnswers"":[""-1/4"",""-0.25"",""negative 1/4"",""negative one-fourth"",""negative one fourth""],""caseSensitive"":false,""hint"":""Subtract 5/4 from 1.""}}",global,Fraction
dda748ef-1314-450b-b37e-2f2b2c44fc52,fitb,Data set A has a mean of 18 and a range of 4. Data set B has a mean of 18 and a range of 11. The more consistent data set is ____.,Maths,7,Statistics & Central Tendency,Data Representation,Students can compare two data sets using statistical measures,medium,"When two data sets have the same mean, the data set with the smaller range is more consistent because its values vary less. Since 4 is less than 11, data set A is more consistent.","{""payload"":{""answer"":""A"",""acceptableAnswers"":[""A"",""set A"",""data set A"",""dataset A"",""the data set labeled A""],""caseSensitive"":false,""hint"":null}}",global,Text
d5af6817-9f01-4b3c-901c-360398a38676,fitb,"Pointing to a boy, Arun says, “He is the son of my mother’s only brother.” The boy is Arun’s ____.",Maths,7,Logical Reasoning,Blood Relations & Coding,Students can solve problems involving family tree relationships,medium,"Arun’s mother’s only brother is Arun’s maternal uncle. The uncle’s son is Arun’s first cousin, so the boy is Arun’s cousin.","{""payload"":{""answer"":""cousin"",""acceptableAnswers"":[""cousin"",""first cousin"",""male cousin"",""maternal cousin"",""mother's brother's son""],""caseSensitive"":false,""hint"":""First find the relation of Arun’s mother’s brother.""}}",global,Text
2caa02e3-8885-474d-a7d7-ec59a479d7d6,fitb,"When x = 5 is substituted into 2x - 1 = 11, the statement 2(5) - 1 = 11 is ____.",Maths,7,Linear Equations,Solving One-Step Equations,Students can verify solutions by substituting back into the equation,medium,"Substitute 5 for x: 2(5) - 1 = 10 - 1 = 9. Since 9 is not 11, the statement is false, so x = 5 is not a solution.","{""payload"":{""answer"":""false"",""acceptableAnswers"":[""false"",""not true"",""incorrect"",""not correct"",""wrong""],""caseSensitive"":false,""hint"":""Calculate 2(5) - 1, then compare it with 11.""}}",global,Text
692fbf8f-0cf2-42cb-b007-8f5f47fd894b,fitb,Express 30 as a percentage of 120: ____.,Maths,7,Percentages,Percentage Calculations,Students can find percentages of quantities and express one quantity as a percentage of another,easy,"30/120 = 1/4, and 1/4 = 25%. Therefore, 30 is 25% of 120.","{""payload"":{""answer"":""25%"",""acceptableAnswers"":[""25%"",""25 percent"",""twenty-five percent"",""25"",""twenty-five""],""caseSensitive"":false,""hint"":null}}",global,Text
1cc2c62f-6ada-440d-adf1-d5d9b44a5bcc,fitb,"In Australia, a product costs $80 before GST. GST is 10%. What is the final price including GST? ____",Maths,7,"Tax, Interest & Financial Decisions",Tax & VAT,Students can determine the final price of an item after tax,medium,"Ten percent of $80 is $8. Add the GST to the original price: $80 + $8 = $88. Therefore, the final price is $88.","{""payload"":{""answer"":""$88"",""acceptableAnswers"":[""$88"",""88"",""$88.00"",""eighty-eight"",""eighty-eight dollars""],""caseSensitive"":false,""hint"":""Find 10% of $80, then add that GST amount to $80.""}}",Australia,Text
61478884-9507-48ed-8563-83bf55bcf88b,fitb,"An item costs $50 and has an 8% sales tax. How much is the tax, and what is the total cost? ____",Maths,7,Financial Mathematics,Tax & Simple Interest,Students can calculate sales tax and VAT,easy,Calculate 8% of $50: 0.08 × $50 = $4. Add the tax to the original price: $50 + $4 = $54.,"{""payload"":{""answer"":""The tax is $4 and the total is $54."",""acceptableAnswers"":[""The tax is $4 and the total is $54."",""The sales tax is $4 and the total cost is $54."",""Tax: $4; total: $54."",""Sales tax: $4; total cost: $54."",""$4 and $54.""],""caseSensitive"":false,""hint"":""First find 8% of $50. Then add the tax to the original price.""}}",Australia,Text
0ccf7a86-1a82-4b7b-afaa-3558777ec8ef,fitb,"On a square grid, one half of a shape lies to the left of a vertical line of symmetry. A vertex of that half is 4 squares to the left of the line. The corresponding vertex in the reflected half is ____.",Maths,7,Symmetry,Lines of Symmetry,Students can complete a shape given one half and a line of symmetry,medium,"A reflection across a vertical line keeps the same distance from the line but switches the side. Therefore, a vertex 4 squares to the left is 4 squares to the right of the line.","{""payload"":{""answer"":""4 squares to the right of the line"",""acceptableAnswers"":[""4 squares to the right of the line"",""four squares to the right of the line"",""4 squares right of the line"",""four squares right of the line"",""4 squares to its right""],""caseSensitive"":false,""hint"":""A vertical line of symmetry switches left and right while keeping the distance from the line the same.""}}",global,Text
c90dcf36-600c-429a-8121-01dd977894c2,fitb,"Triangles PQR and XYZ satisfy PQ = XY, QR = YZ, and PR = XZ. If ∠Q = 50°, complete the conclusion: The triangles are congruent by SSS, so ____.",Maths,7,Congruence of Triangles,Applying Congruence,Students can prove that two triangles are congruent and use this to find missing measures,medium,"The three equal side pairs prove that the triangles are congruent by SSS. The side matches show that Q corresponds to Y, so corresponding angles ∠Q and ∠Y have equal measures. Therefore, ∠Y = 50°.","{""payload"":{""answer"":""angle Y = 50°"",""acceptableAnswers"":[""angle Y = 50°"",""∠Y = 50°"",""m∠Y = 50°"",""angle Y is 50°"",""the measure of angle Y is 50°""],""caseSensitive"":false,""hint"":""Use the side equalities to match the vertices: Q corresponds to Y. Corresponding angles in congruent triangles have equal measures.""}}",global,Text
893274f7-4eea-4043-bb12-65ba565bdaa5,fitb,Write whether the decimal form of 1/3 is terminating or recurring: ____.,Maths,7,Fraction & Decimal Operations,Recurring Decimals,Students can identify which fractions produce terminating vs recurring decimals,easy,"1/3 = 0.333..., and the 3 repeats forever. Therefore, its decimal form is recurring rather than terminating.","{""payload"":{""answer"":""recurring"",""acceptableAnswers"":[""recurring"",""recurring decimal"",""repeating"",""repeating decimal"",""a recurring decimal""],""caseSensitive"":false,""hint"":""1/3 = 0.333..., so the 3 repeats forever.""}}",global,Text
cb1ca2f8-556a-41b5-9ba3-c1be308239d2,fitb,Write (3^2)^3 × 3 as a single power of 3: ____,Maths,7,Exponents & Powers,Laws of Exponents,Students can simplify expressions involving powers,medium,"Use the power-of-a-power rule: (3^2)^3 = 3^(2 × 3) = 3^6. Since 3 = 3^1, multiply powers with the same base by adding exponents: 3^6 × 3^1 = 3^(6 + 1) = 3^7.","{""payload"":{""answer"":""3^7"",""acceptableAnswers"":[""3^7"",""3⁷"",""3 to the power of 7"",""three to the power of seven"",""three to the seventh power""],""caseSensitive"":false,""hint"":""Use (a^m)^n = a^(m × n), then add the exponents when multiplying powers with the same base.""}}",global,Text
de0af6f1-ae73-4e33-aa2b-ac71b7c7cf0a,fitb,"Find the distance between the points (0, 0) and (3, 4) on a coordinate grid. Give your answer in units: ____.",Maths,7,Pythagoras Theorem,Applying Pythagoras,Students can use the theorem to find distances on a coordinate grid,easy,"The horizontal difference is 3 units and the vertical difference is 4 units. Using Pythagoras' theorem, the distance is √(3² + 4²) = √25 = 5 units.","{""payload"":{""answer"":""5 units"",""acceptableAnswers"":[""5 units"",""5"",""five units"",""five""],""caseSensitive"":false,""hint"":""Use the horizontal and vertical differences of 3 units and 4 units, then apply Pythagoras' theorem.""}}",global,Text
70fe1402-c3cf-4998-86b4-03e5150c1ef2,fitb,"An exterior angle of a triangle measures 136°. One of its remote interior angles measures 62°. The measure of the other remote interior angle, in degrees, is ____.",Maths,7,Properties of Triangles,Triangle Angle Properties,Students can find missing angles using the exterior angle property,medium,"By the exterior angle property, an exterior angle equals the sum of the two remote interior angles. If the missing angle is x, then 136° = 62° + x, so x = 136° − 62° = 74°.","{""payload"":{""answer"":""74°"",""acceptableAnswers"":[""74°"",""74"",""74 degrees"",""seventy-four degrees"",""seventy four degrees"",""seventy-four"",""seventy four""],""caseSensitive"":false,""hint"":""Use the exterior angle property: the exterior angle equals the sum of the two remote interior angles.""}}",global,Text
8245f94d-e2ed-48bd-af67-0a399183e22c,fitb,A pencil case price falls from $45 to $36. The percentage decrease is ____.,Maths,7,Percentages,Percentage Calculations,Students can calculate percentage increase and decrease,medium,"The price decreases by $45 − $36 = $9. Divide the decrease by the original price: $9 ÷ $45 = 0.2 = 20%, so the percentage decrease is 20%.","{""payload"":{""answer"":""20%"",""acceptableAnswers"":[""20%"",""20 percent"",""20 per cent"",""twenty percent"",""twenty per cent"",""20"",""twenty""],""caseSensitive"":false,""hint"":""Percentage decrease = decrease divided by original amount.""}}",Australia,Alphanumeric
e1039c57-5c43-4abe-9fcc-8f9964dcddbf,fitb,A debt of 3/5 of a dollar is paid using 9/10 of a dollar. The amount left over is ____ dollar.,Maths,7,Rational Numbers,Operations with Rationals,Students can solve real-world problems involving rational numbers,easy,"Subtract the debt from the amount used to pay it: 9/10 - 3/5 = 9/10 - 6/10 = 3/10. Therefore, 3/10 dollar is left over.","{""payload"":{""answer"":""3/10"",""acceptableAnswers"":[""3/10"",""0.3"",""three tenths"",""3/10 of a dollar"",""$0.30""],""caseSensitive"":false,""hint"":null}}",Australia,Alphanumeric
9c19f1e7-32d4-4901-9f65-4f8b9deead58,fitb,Complete the simplified result: 6 - 2(3p - 1) = ____.,Maths,7,Algebraic Expressions,Expanding & Factorising,Students can expand and simplify expressions involving brackets,medium,"Distribute -2 across the bracket: -2(3p - 1) = -6p + 2. Then combine the constant terms: 6 + 2 = 8, giving 8 - 6p.","{""payload"":{""answer"":""8 - 6p"",""acceptableAnswers"":[""8 - 6p"",""8-6p"",""-6p + 8"",""-6p+8""],""caseSensitive"":false,""hint"":""Distribute the negative multiplier carefully.""}}",global,Alphanumeric
87e6b371-6b7c-45c4-b087-7b7b2c0c2b45,fitb,Find the value of 7^0: ____,Maths,7,Exponents & Powers,Negative & Zero Exponents,Students can use exponents to express very large and very small numbers,easy,"Any nonzero number raised to the zero power equals 1. Since 7 is nonzero, 7^0 = 1.","{""payload"":{""answer"":""1"",""acceptableAnswers"":[""1"",""one"",""it equals 1"",""the value is 1"",""7^0 = 1""],""caseSensitive"":false,""hint"":""Use the rule for a nonzero number raised to the zero power.""}}",global,Alphanumeric
f82b101a-85ca-4596-937a-4e8a564121e7,fitb,"Suppose an item costs $120 before GST, and GST is charged at 5%. Calculate the GST amount: ____",Maths,7,"Tax, Interest & Financial Decisions",Tax & VAT,Students can calculate income tax and VAT on goods and services,easy,"GST is 5% of the pre-GST price. Convert 5% to 0.05 and multiply: 0.05 × $120 = $6. Therefore, the GST amount is $6.","{""payload"":{""answer"":""$6"",""acceptableAnswers"":[""$6"",""6"",""6 dollars"",""six"",""six dollars"",""$6.00"",""6.00""],""caseSensitive"":false,""hint"":""Multiply the pre-GST price by 0.05 to find 5%.""}}",Australia,Alphanumeric
067575ea-b61f-4be4-9d73-3cacf371d919,fitb,The probability that an event does not happen on one trial is 0.18. The probability that the event happens is ____.,Maths,7,Compound Probability,Complementary Probability,Students can use the complement rule to find probabilities,medium,"The event happening and not happening are complementary outcomes, so their probabilities add to 1. Therefore, the probability that the event happens is 1 - 0.18 = 0.82.","{""payload"":{""answer"":""0.82"",""acceptableAnswers"":[""0.82"","".82"",""82/100"",""41/50"",""82%""],""caseSensitive"":false,""hint"":""Use the complement rule: the probabilities of an event happening and not happening add to 1.""}}",global,Alphanumeric
90190c42-3e41-4c20-bb67-6243a196a365,fitb,"A recipe needs 3/4 cup of milk per batch. If 2.5 batches are made, the total milk needed is ____ cups.",Maths,7,Fraction & Decimal Operations,Complex Fraction Operations,Students can solve multi-step word problems involving fractions and decimals,medium,"Convert 3/4 to 0.75, then multiply by the 2.5 batches: 0.75 × 2.5 = 1.875. Therefore, the total milk needed is 1.875 cups, which is also 15/8 cups or 1 7/8 cups.","{""payload"":{""answer"":""1.875"",""acceptableAnswers"":[""1.875"",""15/8"",""one and seven eighths"",""1 7/8""],""caseSensitive"":false,""hint"":null}}",global,Alphanumeric
18cd039f-bbd1-4d55-8c21-e36f9cac8f7b,fitb,The brother of my wife's father is my ____.,Maths,7,Logical Reasoning,Blood Relations & Coding,Students can solve problems involving family tree relationships,medium,"Your wife's father is your father-in-law. His brother is your wife's paternal uncle, so he is your uncle-in-law or uncle by marriage.","{""payload"":{""answer"":""uncle-in-law"",""acceptableAnswers"":[""uncle-in-law"",""uncle in law"",""uncle by marriage"",""wife's uncle"",""wife's paternal uncle""],""caseSensitive"":false,""hint"":""First identify your wife's father, then identify his brother's relationship to you.""}}",global,Alphanumeric
b055125c-772b-42e8-a8ff-58ebd2062d5c,fitb,Calculate the simple interest on $800 at 5% per year for 2 years. Enter your answer in dollars: ____.,Maths,7,Financial Mathematics,Tax & Simple Interest,Students can apply the simple interest formula to savings and loan problems,easy,"Use the simple interest formula I = P × r × t. Here, P = $800, r = 0.05, and t = 2 years, so I = $800 × 0.05 × 2 = $80.","{""payload"":{""answer"":""$80"",""acceptableAnswers"":[""$80"",""80"",""$80.00"",""80 dollars"",""eighty dollars"",""eighty""],""caseSensitive"":false,""hint"":""Multiply the principal by the decimal rate and the number of years.""}}",Ontario,Alphanumeric
c25a5056-835e-44c8-ab4f-50ed20cbcb64,fitb,"In a data set, 2 occurs 3 times, 4 occurs 2 times, and 6 occurs once. Enter the exact mean as a fraction or mixed number: ____.",Maths,7,Statistics & Central Tendency,Measures of Central Tendency,"Students can calculate mean, median, and mode for grouped and ungrouped data",medium,"The total of all the data values is (2 × 3) + (4 × 2) + (6 × 1) = 20. The total frequency is 3 + 2 + 1 = 6. Therefore, the mean is 20 ÷ 6 = 10/3 = 3 1/3.","{""payload"":{""answer"":""10/3"",""acceptableAnswers"":[""10/3"",""3 1/3"",""3⅓"",""ten thirds"",""ten over three""],""caseSensitive"":false,""hint"":""Multiply each value by its frequency, then divide by the total frequency.""}}",global,Alphanumeric
19831f6d-aa53-4296-9959-24fe621799a2,fitb,"If 3/4 + t = 1/2, then t = ____",Maths,7,Linear Equations,Solving One-Step Equations,Students can solve one-step linear equations using inverse operations,hard,"Subtract 3/4 from both sides: t = 1/2 - 3/4 = 2/4 - 3/4 = -1/4. Thus, t is negative one-fourth, or -0.25.","{""payload"":{""answer"":""-1/4"",""acceptableAnswers"":[""-1/4"",""-0.25"",""negative 1/4"",""negative one-fourth"",""negative 0.25""],""caseSensitive"":false,""hint"":""Rewrite 1/2 as 2/4 first.""}}",global,Alphanumeric
22786cf5-5d96-47a6-8d91-93546722bd61,fitb,The number of grapes in a pack increases from 24 to 30. The percentage increase is ____.,Maths,7,Percentages,Percentage Calculations,Students can calculate percentage increase and decrease,easy,"The increase is 30 − 24 = 6 grapes. Divide the increase by the original number: 6 ÷ 24 = 0.25. Multiply by 100, so the percentage increase is 25%.","{""payload"":{""answer"":""25%"",""acceptableAnswers"":[""25%"",""25 percent"",""25 per cent"",""25"",""twenty-five percent"",""twenty-five""],""caseSensitive"":false,""hint"":null}}",global,Alphanumeric
4b374f5b-e3ea-4f3a-8373-8d04c4124153,fitb,A score starts at -1.5. It increases by 2.0 and then decreases by 1.0. What is the final score? Give your answer as a decimal: ____,Maths,8,Rational Number Systems,Operations with Rationals,Students can solve multi-step problems using rational numbers,easy,"First, add the increase: -1.5 + 2.0 = 0.5. Then subtract 1.0: 0.5 - 1.0 = -0.5. Therefore, the final score is -0.5.","{""payload"":{""answer"":""-0.5"",""acceptableAnswers"":[""-0.5"",""-0.50"",""negative 0.5"",""negative 0.50"",""negative zero point five""],""caseSensitive"":false,""hint"":null}}",global,Number
4deaa77f-1891-4f10-8919-9cb3241ab337,fitb,The perfect square greater than 180 and less than 200 is ____.,Maths,8,Squares & Square Roots,Perfect Squares,Students can identify perfect squares and recall square numbers up to 225,hard,"13² = 169, which is below 180; 14² = 196, which is between 180 and 200; and 15² = 225, which is above 200. Therefore, the only perfect square in this range is 196.","{""payload"":{""answer"":""196"",""acceptableAnswers"":[""196"",""one hundred ninety-six"",""one hundred and ninety-six"",""one hundred ninety six"",""one hundred and ninety six""],""caseSensitive"":false,""hint"":""Check the squares of 13, 14, and 15.""}}",global,Number
e36335a1-36e0-4c8a-97c5-ebb397cd17e9,fitb,"In a group of 84 students, 39 take Algebra, 33 take Geometry, and 26 take Coding. Of these students, 12 take both Algebra and Geometry, 10 take both Algebra and Coding, 9 take both Geometry and Coding, and 5 take all three subjects. Each pairwise count includes the students who take all three subjects. The number of students who take Geometry only is ____.",Maths,8,Logical Reasoning,Venn Diagrams & Logic,Students can solve problems using Venn diagrams with two or three sets,hard,"The 33 Geometry students include 12 who also take Algebra and 9 who also take Coding. The 5 students who take all three subjects were subtracted twice, so add them back once: 33 - 12 - 9 + 5 = 17. Therefore, 17 students take Geometry only.","{""payload"":{""answer"":""17"",""acceptableAnswers"":[""17"",""seventeen"",""17 students"",""seventeen students""],""caseSensitive"":false,""hint"":""Subtract the two pair overlaps from Geometry, then add back the all-three group once.""}}",global,Number
ab29e834-8f6b-4b07-ac82-c360388ebcaf,fitb,"A student had $24 in one wallet and spent $9. The amount left was three times the money remaining in another wallet. If x represents the amount remaining in the other wallet, then 3x + 9 = 24. The amount remaining in the other wallet was ____ dollars.",Maths,8,One-Variable Linear Equations,Applications,Students can verify solutions and interpret them in context,medium,"Subtract 9 from both sides: 3x = 15. Divide both sides by 3: x = 5. Check the solution: 3(5) + 9 = 24. Therefore, the amount remaining in the other wallet was $5.","{""payload"":{""answer"":""5"",""acceptableAnswers"":[""5"",""five"",""$5"",""5 dollars"",""five dollars""],""caseSensitive"":false,""hint"":""Start by subtracting 9 from 24.""}}",Australia,Number
88c314ee-3a2e-461d-a600-1a3a5e3ac238,fitb,"A snack bar sells 5 muffins for $15. At the same rate, 9 muffins cost $____.",Maths,8,Ratio & Proportion,Direct & Inverse Proportion,Students can identify and apply direct proportion relationships,medium,"If 5 muffins cost $15, then 1 muffin costs $3. At the same rate, 9 muffins cost 9 × $3 = $27.","{""payload"":{""answer"":""27"",""acceptableAnswers"":[""27"",""27.0"",""27.00"",""twenty-seven"",""twenty seven""],""caseSensitive"":false,""hint"":null}}",Ontario,Number
eaa97c77-860e-4857-911a-d01e923fa5bf,fitb,"A grouped data set has these class intervals and frequencies: 0–10: 3, 10–20: 5, and 20–30: 2. Using the class midpoints, the estimated mean is ____.",Maths,8,Data Analysis & Probability,Advanced Statistics,"Students can calculate and interpret mean, median, mode, and standard deviation for grouped data",medium,"The class midpoints are 5, 15, and 25. Multiply each midpoint by its frequency: 5 × 3 + 15 × 5 + 25 × 2 = 15 + 75 + 50 = 140. The total frequency is 3 + 5 + 2 = 10, so the estimated mean is 140 ÷ 10 = 14.","{""payload"":{""answer"":""14"",""acceptableAnswers"":[""14"",""fourteen"",""14.0"",""14.00""],""caseSensitive"":false,""hint"":""Multiply each class midpoint by its frequency, then divide by the total frequency.""}}",global,Number
e842cc13-f686-45af-a911-4a0b1be019b4,fitb,Factorise 10k³ − 15k² by taking out the highest common factor. Complete the factorisation: 10k³ − 15k² = 5k²(2k − ____).,Maths,8,Factorisation,Common Factor Method,Students can factorise expressions by taking out the highest common factor,easy,"The highest common factor of 10k³ and 15k² is 5k². Dividing 10k³ by 5k² gives 2k, and dividing 15k² by 5k² gives 3. Therefore, the factorisation is 5k²(2k − 3).","{""payload"":{""answer"":""3"",""acceptableAnswers"":[""3"",""three""],""caseSensitive"":false,""hint"":null}}",global,Number
191fec9d-205c-451e-bc03-6c95d644f9cb,fitb,"For the equations 4x + y = 15 and 4x - y = 9, the solution for x is ____.",Maths,8,Systems of Linear Equations,Solving Simultaneous Equations,Students can solve a system of two linear equations by elimination,easy,"Adding the equations cancels y: 8x = 24, so x = 3.","{""payload"":{""answer"":""3"",""acceptableAnswers"":[""3"",""three"",""x = 3"",""x=3"",""x is 3""],""caseSensitive"":false,""hint"":null}}",global,Number
7d40096c-febf-4286-9c70-c9622f516f41,fitb,"An investment of $1,000 grows to $1,331 after 3 years with annual compounding. The yearly growth rate is ____%.",Maths,8,Financial Applications,Compound Interest & Growth,Students can calculate compound interest over multiple periods,medium,"The growth factor is 1,331 ÷ 1,000 = 1.331. Over 3 years, (1 + r)^3 = 1.331 = 1.1^3, so 1 + r = 1.1 and r = 0.1 = 10%.","{""payload"":{""answer"":""10"",""acceptableAnswers"":[""10"",""10%"",""ten"",""10.0"",""10.00""],""caseSensitive"":false,""hint"":""Use (1 + r)^3 = 1,331 ÷ 1,000 to find the yearly growth factor.""}}",Ontario,Number
d4c28772-5738-4a2d-8f33-b1023641fc45,fitb,"A line of best fit passes through about (2, 10) and (6, 18). The predicted y-value when x = 4 is ____.",Maths,8,Scatter Plots & Correlation,Lines of Best Fit,Students can use a line of best fit to make predictions and identify outliers,easy,"The slope is (18 − 10) ÷ (6 − 2) = 2. From x = 2 to x = 4, x increases by 2, so y increases by 2 × 2 = 4. Starting from y = 10, the predicted y-value is 10 + 4 = 14.","{""payload"":{""answer"":""14"",""acceptableAnswers"":[""14"",""fourteen"",""14.0"",""14.00""],""caseSensitive"":false,""hint"":null}}",global,Number
13ddabb7-9235-4a98-a649-ad6293da3f46,fitb,A 5-digit perfect square lies between 130² and 140² and ends with 96. Its square root is ____.,Maths,8,Vedic Mathematics,Cube & Root Shortcuts,Students can apply Vedic observation method for square roots of perfect squares,hard,"The possible integer roots are between 130 and 140. Checking the squares in this range shows that 136 × 136 = 18,496, which ends in 96; the other possible squares do not. Therefore, the square root is 136.","{""payload"":{""answer"":""136"",""acceptableAnswers"":[""136"",""one hundred thirty-six"",""one hundred thirty six"",""one hundred and thirty-six"",""one hundred and thirty six""],""caseSensitive"":false,""hint"":""First narrow the root to a number between 130 and 140.""}}",global,Number
abbc5071-4245-4899-9853-5877fc780a89,fitb,"After expanding (-2r + 1)(r - 4), the coefficient of r is ____.",Maths,8,Polynomial Expressions,Operations on Polynomials,Students can multiply a polynomial by a monomial or binomial,hard,"Expand each product: (-2r)(r) = -2r², (-2r)(-4) = 8r, 1(r) = r, and 1(-4) = -4. Combining the r terms gives 8r + r = 9r, so the coefficient of r is 9.","{""payload"":{""answer"":""9"",""acceptableAnswers"":[""9"",""nine"",""+9"",""positive 9"",""positive nine""],""caseSensitive"":false,""hint"":""Be careful with the negative times negative product.""}}",global,Number
400bce96-eb68-456c-a64e-47dfe4f507f6,fitb,512 is a perfect cube because its cube root is ____.,Maths,8,Cubes & Cube Roots,Perfect Cubes,Students can identify perfect cubes and find cube roots of perfect cube numbers,medium,"8 × 8 × 8 = 512, so the cube root of 512 is 8. Because 8 is a whole number, 512 is a perfect cube.","{""payload"":{""answer"":""8"",""acceptableAnswers"":[""8"",""8.0"",""8.00"",""eight""],""caseSensitive"":false,""hint"":""Which number multiplied by itself three times gives 512?""}}",global,Number
d16d7c74-2a35-4ccd-afe5-bbd74e094879,fitb,"A two-way table records 36 students. Of these, 14 are boys, 20 play chess, and 8 are boys who play chess. The probability of selecting a girl who does not play chess is ____.",Maths,8,Data Analysis & Probability,Probability,Students can use two-way tables and Venn diagrams to solve probability problems,hard,"There are 36 - 14 = 22 girls. Of the 20 students who play chess, 8 are boys, so 20 - 8 = 12 girls play chess. Therefore, 22 - 12 = 10 girls do not play chess. The probability is 10/36, which simplifies to 5/18.","{""payload"":{""answer"":""5/18"",""acceptableAnswers"":[""5/18"",""10/36"",""5 ÷ 18"",""5 divided by 18"",""five eighteenths""],""caseSensitive"":false,""hint"":""Find the missing cell for girls who do not play chess.""}}",global,Fraction
9ae4593c-8d6d-4104-ad14-42ea17e1fba9,fitb,"A water tank is filled to 5/6 of its capacity. Then an amount of water equal to 1/3 of the tank's capacity is used. The amount of water left, expressed as a fraction of the tank's capacity, is ____.",Maths,8,Rational Number Systems,Operations with Rationals,Students can solve multi-step problems using rational numbers,easy,"The tank initially contains 5/6 of its capacity. The amount used is 1/3 = 2/6 of the capacity. Subtract: 5/6 - 2/6 = 3/6 = 1/2. Therefore, 1/2 of the tank's capacity remains.","{""payload"":{""answer"":""1/2"",""acceptableAnswers"":[""1/2"",""one-half"",""one half"",""half"",""3/6"",""three-sixths""],""caseSensitive"":false,""hint"":null}}",global,Fraction
78f20fe2-4d72-4da7-b8ce-667ca052245a,fitb,"Multiplying x + 2y = 11 by 3 and then using 3x - y = 1, elimination gives y = ____.",Maths,8,Systems of Linear Equations,Solving Simultaneous Equations,Students can solve a system of two linear equations by elimination,hard,"Multiply x + 2y = 11 by 3: 3x + 6y = 33. Subtract 3x - y = 1 from this: 7y = 32, so y = 32/7.","{""payload"":{""answer"":""32/7"",""acceptableAnswers"":[""32/7"",""thirty-two sevenths"",""32 ÷ 7"",""32 divided by 7"",""thirty-two divided by seven""],""caseSensitive"":false,""hint"":""Match the x-coefficients first.""}}",global,Fraction
cc3495f4-56bb-4a52-9eef-6842bf78bec2,fitb,Compute: 27^(-1/3) = ____,Maths,8,Exponents & Scientific Notation,Laws of Exponents,Students can work with negative and fractional exponents,easy,"A negative exponent means take the reciprocal: 27^(-1/3) = 1 ÷ 27^(1/3). The cube root of 27 is 3, so the value is 1/3.","{""payload"":{""answer"":""1/3"",""acceptableAnswers"":[""1/3"",""one third"",""one-third"",""1 ÷ 3"",""one divided by three"",""⅓""],""caseSensitive"":false,""hint"":null}}",global,Fraction
7812b7ab-4c32-4d65-bfde-08bb1e358967,fitb,"In a treasure hunt, 12 blocks are shared equally among 18 teams. If the number of blocks stays the same, 27 teams will each get ____ of a block.",Maths,8,Ratio & Proportion,Direct & Inverse Proportion,Students can solve proportion problems using unitary method and ratios,hard,"The same 12 blocks are divided equally among 27 teams, so each team gets 12 ÷ 27 = 4/9 of a block.","{""payload"":{""answer"":""4/9"",""acceptableAnswers"":[""4/9"",""four ninths"",""4 ÷ 9"",""four divided by nine"",""12/27""],""caseSensitive"":false,""hint"":""Divide the total blocks by the number of teams and simplify.""}}",global,Fraction
3671fb8f-0217-4195-9a70-f054cc6c6672,fitb,"In a class, 24 students like maths, 18 like science, and 10 like both subjects. One student is chosen at random from the students who like maths. What is the probability that the student likes maths but not science? Give your answer as a fraction in simplest form: ____",Maths,8,Data Analysis & Probability,Probability,Students can use two-way tables and Venn diagrams to solve probability problems,easy,"The number who like maths but not science is 24 - 10 = 14. The random student is chosen from the 24 students who like maths, so the probability is 14/24. Dividing the numerator and denominator by 2 gives 7/12 in simplest form.","{""payload"":{""answer"":""7/12"",""acceptableAnswers"":[""7/12"",""7 / 12"",""7 over 12"",""seven twelfths"",""seven over twelve""],""caseSensitive"":false,""hint"":""Find the number who like maths but not science, then compare it with the 24 students who like maths.""}}",global,Fraction
64c5dc46-cb40-4a48-978d-d47c2b2966ab,fitb,Calculate: (-2/3 + 5/3) - 1/2 = ____,Maths,8,Rational Number Systems,Operations with Rationals,Students can solve multi-step problems using rational numbers,easy,First add the fractions with denominator 3: -2/3 + 5/3 = 3/3 = 1. Then subtract 1/2: 1 - 1/2 = 1/2.,"{""payload"":{""answer"":""1/2"",""acceptableAnswers"":[""1/2"",""½"",""0.5"",""one-half"",""one half""],""caseSensitive"":false,""hint"":""First add the fractions with denominator 3. Then subtract 1/2 from the result.""}}",global,Fraction
b6b4bba4-35f8-4c2f-973b-738443ee6478,fitb,Use elimination to solve the system 4x + y = 6 and 6x - 3y = 30. The value of y is ____ .,Maths,8,Systems of Linear Equations,Solving Simultaneous Equations,Students can solve a system of two linear equations by elimination,hard,"Multiply 4x + y = 6 by 3 to get 12x + 3y = 18. Add this to 6x - 3y = 30: 18x = 48, so x = 8/3. Substitute into the first equation: 4(8/3) + y = 6, so 32/3 + y = 18/3 and y = -14/3.","{""payload"":{""answer"":""-14/3"",""acceptableAnswers"":[""-14/3"",""-14 ÷ 3"",""-14 divided by 3"",""negative fourteen thirds"",""-4 2/3""],""caseSensitive"":false,""hint"":""Multiply the first equation by 3 so the y-coefficients are opposites.""}}",global,Fraction
7faaf702-e01a-4633-a4b1-55b4d2d57967,fitb,Find the value of 8^-1. Write your answer in the blank: ____.,Maths,8,Exponents & Scientific Notation,Laws of Exponents,Students can work with negative and fractional exponents,easy,"A negative exponent means take the reciprocal of the positive power: 8^-1 = 1/8. Since 1 divided by 8 equals 0.125, these forms represent the same value.","{""payload"":{""answer"":""1/8"",""acceptableAnswers"":[""1/8"",""0.125"",""one eighth"",""one-eighth"",""1 divided by 8""],""caseSensitive"":false,""hint"":""A negative exponent means take the reciprocal of the positive power: 8^-1 = 1/8.""}}",global,Fraction
e26436b6-1697-43bb-b443-8caeec9ffd8e,fitb,"In a group of 40 students, 18 like basketball, 11 like both basketball and football, and 9 like only football. The probability of choosing a student who likes only basketball is ____.",Maths,8,Data Analysis & Probability,Probability,Students can use two-way tables and Venn diagrams to solve probability problems,medium,"Of the 18 students who like basketball, 11 also like football. Therefore, 18 - 11 = 7 students like only basketball. Since there are 40 students in total, the probability is 7/40, which is 0.175 or 17.5%.","{""payload"":{""answer"":""7/40"",""acceptableAnswers"":[""7/40"",""0.175"",""7 out of 40"",""seven out of forty"",""17.5%""],""caseSensitive"":false,""hint"":null}}",global,Fraction
b0922b05-7a71-4486-810e-5dd47db50187,fitb,"A grid card score starts at -3/4. After gaining 5/6 and then losing 2/3, the final score is ____.",Maths,8,Rational Number Systems,Operations with Rationals,Students can solve multi-step problems using rational numbers,hard,First combine the gain and loss: 5/6 - 2/3 = 5/6 - 4/6 = 1/6. Then add this to the starting score: -3/4 + 1/6 = -9/12 + 2/12 = -7/12.,"{""payload"":{""answer"":""-7/12"",""acceptableAnswers"":[""-7/12"",""negative 7/12"",""negative seven twelfths"",""minus seven twelfths"",""-7 divided by 12""],""caseSensitive"":false,""hint"":null}}",global,Fraction
11e5b9e0-0cb7-42a6-af89-731acc1d088a,fitb,"When 2x + 7y = 29 and 5x - 7y = 16 are solved by elimination, the value of x is ____.",Maths,8,Systems of Linear Equations,Solving Simultaneous Equations,Students can solve a system of two linear equations by elimination,hard,"Add the equations to eliminate y: (2x + 5x) + (7y - 7y) = 29 + 16, so 7x = 45. Dividing by 7 gives x = 45/7.","{""payload"":{""answer"":""45/7"",""acceptableAnswers"":[""45/7"",""45 ÷ 7"",""45 divided by 7"",""forty-five divided by seven"",""six and three-sevenths""],""caseSensitive"":false,""hint"":""Add the equations because the y-terms are opposites.""}}",global,Fraction
9595fcc1-23ee-44f5-908e-034f7cf7a659,fitb,A fair coin is tossed once. The probability of getting heads is ____.,Maths,8,Data Analysis & Probability,Probability,Students can calculate probabilities using theoretical and experimental approaches,easy,"A fair coin has 2 equally likely outcomes, and 1 of them is heads, so the probability is 1/2. This is also equal to 0.5, 50%, or one-half.","{""payload"":{""answer"":""1/2"",""acceptableAnswers"":[""1/2"",""0.5"",""50%"",""half"",""one-half""],""caseSensitive"":false,""hint"":null}}",global,Fraction
69757f0b-359b-4c77-b949-5e7c2a4b7f02,fitb,"Two loans each provide $1,200. Loan A is repaid with $1,320 after 1 year. Loan B is repaid with $1,500 after 2 years. Assume there are no fees and that the interest is simple. Which loan has the lower annual interest rate: Loan A or Loan B? ____",Maths,8,Financial Applications,Financial Decision Making,Students can compare financial products using interest rates and repayment terms,medium,"Loan A has $1,320 - $1,200 = $120 of interest. Its annual interest rate is $120 ÷ $1,200 ÷ 1 = 10%. Loan B has $1,500 - $1,200 = $300 of interest. Over 2 years, its annual simple interest rate is $300 ÷ $1,200 ÷ 2 = 12.5%. Since 10% is less than 12.5%, Loan A has the lower annual interest rate.","{""payload"":{""answer"":""Loan A"",""acceptableAnswers"":[""Loan A"",""A"",""the first loan"",""the loan labeled A""],""caseSensitive"":false,""hint"":null}}",US,Text
05717336-1b5b-4cbb-8c7f-2c83d3ff0478,fitb,"To draw a line of best fit, place a straight line so that the plotted points are spread as evenly as possible on both sides. The line should pass through the ____ of the data.",Maths,8,Scatter Plots & Correlation,Lines of Best Fit,Students can draw a line of best fit on a scatter plot,easy,"A line of best fit should pass through the central part, or middle, of the plotted data, with the points distributed as evenly as possible on both sides.","{""payload"":{""answer"":""middle"",""acceptableAnswers"":[""middle"",""centre"",""center"",""central area"",""central region""],""caseSensitive"":false,""hint"":null}}",global,Text
5c010989-aa63-4dd7-98cd-8602a8443ca7,fitb,"When 2b - 3 is multiplied by b, the expanded expression is ____.",Maths,8,Polynomial Expressions,Operations on Polynomials,Students can multiply a polynomial by a monomial or binomial,medium,Use the distributive property: b(2b - 3) = b·2b + b·(-3) = 2b^2 - 3b.,"{""payload"":{""answer"":""2b^2 - 3b"",""acceptableAnswers"":[""2b^2 - 3b"",""-3b + 2b^2"",""2b² - 3b"",""2b^2-3b"",""-3b+2b^2""],""caseSensitive"":false,""hint"":null}}",global,Text
641d0988-47e4-4db3-8feb-2a3c75775f18,fitb,"If x² = 49, the two possible values of x are ____.",Maths,8,Squares & Square Roots,Applying Square Roots,Students can use square roots to solve equations of the form x² = k,easy,"Taking the square root gives x = ±√49 = ±7, so the two possible values are 7 and -7.","{""payload"":{""answer"":""7 and -7"",""acceptableAnswers"":[""7 and -7"",""-7 and 7"",""7, -7"",""-7, 7"",""x = 7 or x = -7""],""caseSensitive"":false,""hint"":null}}",global,Text
0938a5ce-e0f2-4e76-8e94-712b3b9047a2,fitb,"Use the grouped data: 0-5 has frequency 4, 5-10 has frequency 7, and 10-15 has frequency 3. The median class is ____.",Maths,8,Data Analysis & Probability,Advanced Statistics,"Students can calculate and interpret mean, median, mode, and standard deviation for grouped data",easy,"The total frequency is 14, so the middle positions are the 7th and 8th observations. The cumulative frequencies are 4, 11, and 14, so both middle observations are in the 5-10 class. Therefore, the median class is 5-10.","{""payload"":{""answer"":""5-10"",""acceptableAnswers"":[""5-10"",""5 to 10"",""5–10"",""the 5-10 class"",""the class 5-10""],""caseSensitive"":false,""hint"":""Find the total frequency and the cumulative frequencies, then identify the class containing the middle observation or observations.""}}",global,Text
e5decc67-b47b-485a-9961-4852f424e81e,fitb,"All squares are rectangles, and shape X is a square. The statement “Shape X is a rectangle” is ____.",Maths,8,Logical Reasoning,Venn Diagrams & Logic,Students can interpret and evaluate logical statements,easy,"Every square is a rectangle, and X is a square. Applying the rule to X shows that X is a rectangle, so the statement is true.","{""payload"":{""answer"":""true"",""acceptableAnswers"":[""true"",""it is true"",""the statement is true"",""correct"",""valid""],""caseSensitive"":false,""hint"":""Use the rule that every square is a rectangle. Since X is a square, the statement about X is true.""}}",global,Text
26325d29-1d24-48e9-9850-4ab2e6e9c4bd,fitb,"A gym charges a joining fee of AED 200 and AED 50 for each class. The total cost is modeled by 200 + 50x = 450, where x is the number of classes. Checking x = 5 in the equation shows that x = 5 is a _____.",Maths,8,One-Variable Linear Equations,Applications,Students can verify solutions and interpret them in context,easy,"Substituting x = 5 gives 200 + 50(5) = 200 + 250 = 450, which matches the equation. Therefore, x = 5 is a valid solution and represents 5 classes in this context.","{""payload"":{""answer"":""valid solution"",""acceptableAnswers"":[""valid solution"",""correct solution"",""solution"",""valid answer"",""correct answer""],""caseSensitive"":false,""hint"":null}}",UAE,Text
7da26290-c242-42fe-84fd-e3694b65d0e6,fitb,"Assuming a ≠ 0, simplify a^9 ÷ a^5 = ____.",Maths,8,Exponents & Scientific Notation,Laws of Exponents,Students can apply all laws of exponents to simplify expressions,easy,"For a ≠ 0, when dividing powers with the same base, subtract the exponents: a^9 ÷ a^5 = a^(9−5) = a^4.","{""payload"":{""answer"":""a^4"",""acceptableAnswers"":[""a^4"",""a⁴"",""a^(4)"",""a to the fourth power"",""a to the power of 4""],""caseSensitive"":false,""hint"":null}}",global,Text
8bba13a9-8712-44db-9ca3-5416a6bf9368,fitb,"For the line through (0, 4) with gradient -2, complete its equation in slope-intercept form: y = ____.",Maths,8,Linear Functions & Graphs,Graphing & Interpreting,Students can find the equation of a line given two points or gradient and a point,easy,"The slope-intercept form is y = mx + c. The gradient gives m = -2, and the point (0, 4) gives the y-intercept c = 4. Therefore, the blank is -2x + 4.","{""payload"":{""answer"":""-2x + 4"",""acceptableAnswers"":[""-2x + 4"",""-2x+4"",""negative 2x + 4"",""negative two x plus four"",""-2x plus 4""],""caseSensitive"":false,""hint"":""Use y = mx + c. The gradient gives m, and the point with x = 0 gives c.""}}",global,Text
0cd3f6a6-3598-41e7-a008-0962fedec0d5,fitb,Convert 1 cm³ to millilitres: ____.,Maths,8,3D Shapes & Mensuration,Mensuration of Solids,Students can compare and convert units of volume and capacity,easy,"One cubic centimetre and one millilitre represent equal volumes, so 1 cm³ converts to 1 mL.","{""payload"":{""answer"":""1 mL"",""acceptableAnswers"":[""1 mL"",""1 ml"",""1 millilitre"",""1 milliliter"",""one millilitre"",""one milliliter"",""1"",""one""],""caseSensitive"":false,""hint"":""Use the fact that a cubic centimetre and a millilitre represent equal volumes.""}}",Ontario,Text
93a69c94-4e88-4c95-8819-94ec5a6c2152,fitb,The expression xz - 5x + 2z - 10 factorises by grouping to ____.,Maths,8,Factorisation,Common Factor Method,Students can factorise by grouping,hard,"Group the terms as (xz - 5x) + (2z - 10). Factor each group: x(z - 5) + 2(z - 5). Now factor out the common binomial (z - 5), which gives (z - 5)(x + 2).","{""payload"":{""answer"":""(z-5)(x+2)"",""acceptableAnswers"":[""(z-5)(x+2)"",""(x+2)(z-5)"",""(z - 5)(x + 2)"",""(x + 2)(z-5)"",""(x+2)(z - 5)""],""caseSensitive"":false,""hint"":""Factor x from the first pair and 2 from the second pair.""}}",global,Text
33e90737-b15b-47ed-9850-94181347f5d6,fitb,"Fill in the blank: In a parallelogram, two adjacent interior angles are (4x - 7)° and (2x + 31)°. What is the larger interior angle, in degrees? ____",Maths,8,Properties of Quadrilaterals,Angles in Quadrilaterals,Students can find missing angles in special quadrilaterals,hard,"Adjacent interior angles in a parallelogram are supplementary, so they add to 180°:
(4x - 7) + (2x + 31) = 180
6x + 24 = 180, so x = 26.
The two angles are 4(26) - 7 = 97° and 2(26) + 31 = 83°. Therefore, the larger interior angle is 97°.","{""payload"":{""answer"":""97°"",""acceptableAnswers"":[""97°"",""97"",""97 degrees"",""ninety-seven degrees"",""ninety seven degrees""],""caseSensitive"":false,""hint"":""Adjacent interior angles in a parallelogram add to 180°.""}}",global,Text
11f5a659-eea8-4cfd-bdbb-5304f127a234,fitb,Find the value of 2.4 × (3/5) + 1/4 = ____.,Maths,8,Rational Number Systems,Operations with Rationals,Students can perform all four operations with rational numbers including fractions and decimals,medium,"First, calculate 2.4 × 3/5 = 1.44. Next, convert 1/4 to 0.25 and add: 1.44 + 0.25 = 1.69.","{""payload"":{""answer"":""1.69"",""acceptableAnswers"":[""1.69"",""1.690"",""one point six nine"",""169/100"",""one and sixty-nine hundredths""],""caseSensitive"":false,""hint"":null}}",global,Alphanumeric
7ce1c2fc-bd5a-4186-ac27-c716acd41842,fitb,Deal A costs $6 for 2 sandwiches. What is the cost per sandwich? ____,Maths,8,Financial Applications,Financial Decision Making,Students can evaluate value-for-money and interpret financial statements,easy,"Divide the total cost by the number of sandwiches: $6 ÷ 2 = $3. Therefore, each sandwich costs $3.","{""payload"":{""answer"":""$3 per sandwich"",""acceptableAnswers"":[""$3 per sandwich"",""3 per sandwich"",""$3"",""3"",""three dollars per sandwich"",""3 dollars per sandwich"",""three per sandwich""],""caseSensitive"":false,""hint"":""Divide the total cost by the number of sandwiches: $6 ÷ 2.""}}",Ontario,Alphanumeric
fadac09d-bdf8-4745-a649-6dfbfd64469c,fitb,"Use a Vedic observation method to find the square root of 2,025. The square root is _____.",Maths,8,Vedic Mathematics,Cube & Root Shortcuts,Students can apply Vedic observation method for square roots of perfect squares,easy,"Since 45 × 45 = 2,025, the principal square root of 2,025 is 45.","{""payload"":{""answer"":""45"",""acceptableAnswers"":[""45"",""45.0"",""45.00"",""forty-five"",""forty five""],""caseSensitive"":false,""hint"":""Check which whole number multiplied by itself equals 2,025.""}}",global,Alphanumeric
837c876e-7c92-4509-a6d0-1cb851119dd1,fitb,"A bag contains 5 red gems and 15 blue gems. If one gem is picked at random, the probability of picking a red gem is ____.",Maths,8,Data Analysis & Probability,Probability,Students can calculate probabilities using theoretical and experimental approaches,medium,"There are 5 + 15 = 20 gems in total. Of these, 5 are red, so the probability of picking a red gem is 5/20 = 1/4. Equivalent answers such as 0.25 and 25% represent the same probability.","{""payload"":{""answer"":""1/4"",""acceptableAnswers"":[""1/4"",""5/20"",""0.25"",""25%"",""one-fourth"",""one fourth"",""one-quarter"",""one quarter"",""a quarter"",""quarter"",""5 out of 20""],""caseSensitive"":false,""hint"":null}}",global,Alphanumeric
a7a8cbaf-8ed8-4735-b354-17c97bccd90c,fitb,Fill in the blank: A taxi charges a $3 starting fee plus $2 for each kilometre. The total cost for 5 kilometres is ____.,Maths,8,Linear Functions & Graphs,Graphing & Interpreting,Students can plot and interpret linear functions in real-world contexts,easy,"The charge for 5 kilometres is 5 × $2 = $10. Add the $3 starting fee: $10 + $3 = $13. Therefore, the total cost is $13.","{""payload"":{""answer"":""$13"",""acceptableAnswers"":[""$13"",""13"",""13 dollars"",""thirteen dollars"",""$13.00""],""caseSensitive"":false,""hint"":""Multiply the charge per kilometre by 5, then add the starting fee.""}}",Ontario,Alphanumeric
36d8b106-93a3-495e-923d-e5693998b6d6,fitb,Convert 3 litres to millilitres: ____.,Maths,8,3D Shapes & Mensuration,Mensuration of Solids,Students can compare and convert units of volume and capacity,easy,"Since 1 litre equals 1000 millilitres, 3 litres equals 3 × 1000 = 3000 millilitres.","{""payload"":{""answer"":""3000 mL"",""acceptableAnswers"":[""3000 mL"",""3000"",""3,000 mL"",""3000 millilitres"",""three thousand millilitres""],""caseSensitive"":false,""hint"":""1 L = 1000 mL.""}}",Ontario,Alphanumeric
fca443d3-fd40-4a10-86b4-263bb7fef189,fitb,"Using substitution, solve y = 4x and 2x + y = 20. The value of x is ____.",Maths,8,Systems of Linear Equations,Solving Simultaneous Equations,Students can solve a system of two linear equations by substitution,easy,"Substitute y = 4x into 2x + y = 20: 2x + 4x = 20. Therefore, 6x = 20, so x = 20/6 = 10/3. The exact value of x is 10/3.","{""payload"":{""answer"":""10/3"",""acceptableAnswers"":[""10/3"",""10 ÷ 3"",""10 divided by 3"",""ten thirds"",""3 1/3""],""caseSensitive"":false,""hint"":null}}",global,Alphanumeric
9ded7d59-5da4-4e97-a96a-fb4ac009b854,fitb,"A camp kitchen has enough work for 72 cook-hours. If the number of cooks is tripled, the cooking time becomes ____ of the original time.",Maths,8,Ratio & Proportion,Direct & Inverse Proportion,Students can identify and apply inverse proportion relationships,hard,"The total work remains the same at 72 cook-hours. In an inverse proportion, tripling the number of cooks divides the cooking time by 3, so the new time is one-third of the original time.","{""payload"":{""answer"":""one-third"",""acceptableAnswers"":[""one-third"",""one third"",""a third"",""1/3"",""⅓"",""one divided by three""],""caseSensitive"":false,""hint"":""In inverse proportion, if one quantity is multiplied, the other is divided by the same factor.""}}",global,Alphanumeric
7c9a4588-3dbe-487a-9498-7379d13b1cc1,fitb,"When 32p³q + 40p²q² is factorised by taking out the highest common factor, the factor outside the brackets is ____.",Maths,8,Factorisation,Common Factor Method,Students can factorise expressions by taking out the highest common factor,medium,"The HCF of 32 and 40 is 8. The lowest power of p common to both terms is p², and the lowest power of q is q. Therefore, the highest common factor outside the brackets is 8p²q.","{""payload"":{""answer"":""8p squared q"",""acceptableAnswers"":[""8p squared q"",""8 p squared q"",""8p^2q"",""8 p^2 q"",""8p²q"",""8 p² q""],""caseSensitive"":false,""hint"":""Find the greatest common factor of 32 and 40, then use the lowest power of each variable that appears in both terms.""}}",global,Alphanumeric
8f433e03-0945-4642-a900-a155e123ae44,fitb,"A ball is east of a block, and a teddy is north of the ball. So the teddy is ____ of the block.",Maths,8,Logical Reasoning,Spatial & Sequential Reasoning,Students can apply direction sense and calendar reasoning,medium,"The ball is east of the block, and the teddy is north of the ball. Moving east and then north places the teddy north-east of the block.","{""payload"":{""answer"":""north-east"",""acceptableAnswers"":[""north-east"",""north east"",""northeast"",""NE""],""caseSensitive"":false,""hint"":null}}",global,Alphanumeric
5df4b2fa-4af4-4a3f-8d81-6297e090b442,fitb,"When (9a - 4) is reduced by (3a + 2), the result is ____.",Maths,8,Polynomial Expressions,Operations on Polynomials,Students can add and subtract polynomials,easy,Subtract the second polynomial from the first and distribute the subtraction across both terms: (9a - 4) - (3a + 2) = 9a - 4 - 3a - 2 = 6a - 6.,"{""payload"":{""answer"":""6a - 6"",""acceptableAnswers"":[""6a - 6"",""6a-6"",""6a − 6"",""6a + (-6)"",""6a minus 6""],""caseSensitive"":false,""hint"":null}}",global,Alphanumeric
b7c843fe-333b-4cd5-8d1a-4c2d2a5513c3,fitb,"If the volume of a cube is 64a³, then the side length is ____.",Maths,8,Cubes & Cube Roots,Applying Cubes,Students can apply cube roots to solve equations and real-life volume problems,hard,The side length of a cube is the cube root of its volume. ∛(64a³) = ∛64 × ∛(a³) = 4 × a = 4a.,"{""payload"":{""answer"":""4a"",""acceptableAnswers"":[""4a"",""4 a"",""four a"",""4 × a"",""four times a""],""caseSensitive"":false,""hint"":""Take the cube root of the number and the variable part separately.""}}",global,Alphanumeric
